#
# There is insufficient memory for the Java Runtime Environment to continue.
# Native memory allocation (malloc) failed to allocate 1686896 bytes for Chunk::new
# Possible reasons:
#   The system is out of physical RAM or swap space
#   The process is running with CompressedOops enabled, and the Java Heap may be blocking the growth of the native heap
# Possible solutions:
#   Reduce memory load on the system
#   Increase physical memory or swap space
#   Check if swap backing store is full
#   Decrease Java heap size (-Xmx/-Xms)
#   Decrease number of Java threads
#   Decrease Java thread stack sizes (-Xss)
#   Set larger code cache with -XX:ReservedCodeCacheSize=
#   JVM is running with Unscaled Compressed Oops mode in which the Java heap is
#     placed in the first 4GB address space. The Java Heap base address is the
#     maximum limit for the native heap growth. Please use -XX:HeapBaseMinAddress
#     to set the Java Heap base and to place the Java Heap above 4GB virtual address.
# This output file may be truncated or incomplete.
#
#  Out of Memory Error (arena.cpp:184), pid=27088, tid=20960
#
# JRE version: Java(TM) SE Runtime Environment (19.0.2+7) (build 19.0.2+7-44)
# Java VM: Java HotSpot(TM) 64-Bit Server VM (19.0.2+7-44, mixed mode, sharing, tiered, compressed oops, compressed class ptrs, g1 gc, windows-amd64)
# No core dump will be written. Minidumps are not enabled by default on client versions of Windows
#

---------------  S U M M A R Y ------------

Command Line: --add-opens=java.base/java.lang=ALL-UNNAMED --add-opens=java.base/java.lang.invoke=ALL-UNNAMED --add-opens=java.base/java.util=ALL-UNNAMED --add-opens=java.prefs/java.util.prefs=ALL-UNNAMED --add-exports=jdk.compiler/com.sun.tools.javac.api=ALL-UNNAMED --add-exports=jdk.compiler/com.sun.tools.javac.util=ALL-UNNAMED --add-opens=java.base/java.util=ALL-UNNAMED --add-opens=java.prefs/java.util.prefs=ALL-UNNAMED --add-opens=java.base/java.nio.charset=ALL-UNNAMED --add-opens=java.base/java.net=ALL-UNNAMED --add-opens=java.base/java.util.concurrent=ALL-UNNAMED --add-opens=java.base/java.util.concurrent.atomic=ALL-UNNAMED --add-opens=java.xml/javax.xml.namespace=ALL-UNNAMED --add-opens=java.base/java.time=ALL-UNNAMED -XX:MaxMetaspaceSize=512m -Xmx2048m -Dfile.encoding=UTF-8 -Duser.country=IN -Duser.language=en -Duser.variant -javaagent:C:\Users\mkmad\.gradle\wrapper\dists\gradle-9.3.1-bin\23ovyewtku6u96viwx3xl3oks\gradle-9.3.1\lib\agents\gradle-instrumentation-agent-9.3.1.jar org.gradle.launcher.daemon.bootstrap.GradleDaemon 9.3.1

Host: 13th Gen Intel(R) Core(TM) i7-13620H, 16 cores, 15G,  Windows 11 , 64 bit Build 26100 (10.0.26100.8875)
Time: Fri Jul 31 11:12:46 2026 India Standard Time elapsed time: 4772.707546 seconds (0d 1h 19m 32s)

---------------  T H R E A D  ---------------

Current thread (0x0000028f020ccdf0):  JavaThread "C2 CompilerThread0" daemon [_thread_in_native, id=20960, stack(0x000000fc72a00000,0x000000fc72b00000)]


Current CompileTask:
C2:4772707 75651       4       org.jetbrains.kotlin.fir.resolve.transformers.SupertypeComputationSession::breakLoopFor$checkIsInLoop (983 bytes)

Stack: [0x000000fc72a00000,0x000000fc72b00000]
Native frames: (J=compiled Java code, j=interpreted, Vv=VM code, C=native code)
V  [jvm.dll+0x6ee21a]
V  [jvm.dll+0x85765e]
V  [jvm.dll+0x85904e]
V  [jvm.dll+0x859703]
V  [jvm.dll+0x28298f]
V  [jvm.dll+0xc9adf]
V  [jvm.dll+0xc9e65]
V  [jvm.dll+0x3bca12]
V  [jvm.dll+0x3860e1]
V  [jvm.dll+0x38555a]
V  [jvm.dll+0x24c3d9]
V  [jvm.dll+0x24b781]
V  [jvm.dll+0x1d6ce1]
V  [jvm.dll+0x25b25a]
V  [jvm.dll+0x2596e8]
V  [jvm.dll+0x807588]
V  [jvm.dll+0x80125a]
V  [jvm.dll+0x6ecf0b]
C  [ucrtbase.dll+0x2cd30]
C  [KERNEL32.DLL+0x2e957]
C  [ntdll.dll+0xaad6c]


---------------  P R O C E S S  ---------------

Threads class SMR info:
_java_thread_list=0x0000028f1783bd30, length=315, elements={
0x0000028f6283b040, 0x0000028f7f520870, 0x0000028f7f522190, 0x0000028f7f52bbd0,
0x0000028f7f52c780, 0x0000028f7f52dfa0, 0x0000028f7f52ea70, 0x0000028f020ccdf0,
0x0000028f020da350, 0x0000028f020fdc50, 0x0000028f02080090, 0x0000028f023b34d0,
0x0000028f07f1a150, 0x0000028f08198600, 0x0000028f06eaf4b0, 0x0000028f070ce430,
0x0000028f070ced80, 0x0000028f06d49a80, 0x0000028f021f6c40, 0x0000028f021f8c20,
0x0000028f021f5700, 0x0000028f021f61a0, 0x0000028f021f66f0, 0x0000028f021f7190,
0x0000028f021f86d0, 0x0000028f0a1b31f0, 0x0000028f0a1b4730, 0x0000028f0a1b4c80,
0x0000028f0a1b1cb0, 0x0000028f0a1b1760, 0x0000028f0a1b2ca0, 0x0000028f0a1b1210,
0x0000028f0a1b5720, 0x0000028f0a1b61c0, 0x0000028f0a1b2750, 0x0000028f0a1b6c60,
0x0000028f0a1b71b0, 0x0000028f0a1b7700, 0x0000028f0a1b81a0, 0x0000028f0e569080,
0x0000028f0e569b20, 0x0000028f0e56a070, 0x0000028f0e56a5c0, 0x0000028f0e56ab10,
0x0000028f0e5695d0, 0x0000028f0e56b060, 0x0000028f0e56b5b0, 0x0000028f0e5685e0,
0x0000028f0e56bb00, 0x0000028f0e568090, 0x0000028f0e56c050, 0x0000028f0e568b30,
0x0000028f0e56e030, 0x0000028f0e56c5a0, 0x0000028f0e56caf0, 0x0000028f0e56d040,
0x0000028f0e56d590, 0x0000028f0e56dae0, 0x0000028f0e56fac0, 0x0000028f0e56e580,
0x0000028f0e56ead0, 0x0000028f0e56f020, 0x0000028f0e56f570, 0x0000028f0b12dd80,
0x0000028f0b12b850, 0x0000028f0b12d830, 0x0000028f0b12c840, 0x0000028f0b12e820,
0x0000028f0b12e2d0, 0x0000028f0b12adb0, 0x0000028f0b12ed70, 0x0000028f0b12bda0,
0x0000028f0b12b300, 0x0000028f0b12f2c0, 0x0000028f0b12f810, 0x0000028f0b12fd60,
0x0000028f0b12d2e0, 0x0000028f0b12c2f0, 0x0000028f0b130800, 0x0000028f0b1302b0,
0x0000028f0b12cd90, 0x0000028f0b131d40, 0x0000028f0b132290, 0x0000028f0b130d50,
0x0000028f0b1327e0, 0x0000028f0702eba0, 0x0000028f0e75c580, 0x0000028f0e75c030,
0x0000028f0e75fff0, 0x0000028f0e760a90, 0x0000028f0e760540, 0x0000028f0e75e560,
0x0000028f0e760fe0, 0x0000028f0e75faa0, 0x0000028f0e75d570, 0x0000028f0e761fd0,
0x0000028f0e761530, 0x0000028f0e761a80, 0x0000028f0e762520, 0x0000028f0e75eab0,
0x0000028f0e762a70, 0x0000028f0e763a60, 0x0000028f0e762fc0, 0x0000028f0e763510,
0x0000028f0af834c0, 0x0000028f0af804f0, 0x0000028f0af824d0, 0x0000028f0af82a20,
0x0000028f0af80a40, 0x0000028f0af80f90, 0x0000028f0af82f70, 0x0000028f0af81a30,
0x0000028f0af814e0, 0x0000028f0af81f80, 0x0000028f0af83a10, 0x0000028f0af7ffa0,
0x0000028f0af844b0, 0x0000028f0af85f40, 0x0000028f0af84a00, 0x0000028f0af854a0,
0x0000028f0af869e0, 0x0000028f0af84f50, 0x0000028f0af859f0, 0x0000028f0af86490,
0x0000028f0af83f60, 0x0000028f0af86f30, 0x0000028f0af87480, 0x0000028f0af879d0,
0x0000028f02234b00, 0x0000028f02236ae0, 0x0000028f02236590, 0x0000028f02233070,
0x0000028f02233b10, 0x0000028f02234060, 0x0000028f022335c0, 0x0000028f022355a0,
0x0000028f02237ad0, 0x0000028f02237030, 0x0000028f02237580, 0x0000028f02235af0,
0x0000028f02236040, 0x0000028f022345b0, 0x0000028f02238570, 0x0000028f02238ac0,
0x0000028f02239560, 0x0000028f02238020, 0x0000028f02239010, 0x0000028f02235050,
0x0000028f0223aaa0, 0x0000028f02239ab0, 0x0000028f0223a000, 0x0000028f0223a550,
0x0000028f0a51fea0, 0x0000028f0a51e410, 0x0000028f0a51f400, 0x0000028f0a51e960,
0x0000028f0a51f950, 0x0000028f0a521930, 0x0000028f0a51eeb0, 0x0000028f0a520940,
0x0000028f0a5203f0, 0x0000028f0a51dec0, 0x0000028f0a521e80, 0x0000028f0a520e90,
0x0000028f0a5223d0, 0x0000028f0a523e60, 0x0000028f0a522920, 0x0000028f0a5243b0,
0x0000028f0a524900, 0x0000028f0a524e50, 0x0000028f0a5213e0, 0x0000028f0a523910,
0x0000028f0a522e70, 0x0000028f0a5233c0, 0x0000028f0a5253a0, 0x0000028f0a5258f0,
0x0000028f0b827b60, 0x0000028f0b828b50, 0x0000028f0b8295f0, 0x0000028f0b8270c0,
0x0000028f0b829b40, 0x0000028f0b8280b0, 0x0000028f0b826b70, 0x0000028f0b828600,
0x0000028f0b827610, 0x0000028f0b82b080, 0x0000028f0b82db00, 0x0000028f0b82b5d0,
0x0000028f0b82e050, 0x0000028f0b82bb20, 0x0000028f0b82c070, 0x0000028f0b82c5c0,
0x0000028f0b82d5b0, 0x0000028f0b82cb10, 0x0000028f0b82e5a0, 0x0000028f0b82ab30,
0x0000028f0b830030, 0x0000028f0b830580, 0x0000028f0b82eaf0, 0x0000028f0b82fae0,
0x0000028f0b82f040, 0x0000028f0b830ad0, 0x0000028f0b82f590, 0x0000028f0b82d060,
0x0000028f0b833aa0, 0x0000028f0b833ff0, 0x0000028f0b834540, 0x0000028f0b831ac0,
0x0000028f0b831020, 0x0000028f0b834a90, 0x0000028f0b832010, 0x0000028f0b832560,
0x0000028f0b834fe0, 0x0000028f0b831570, 0x0000028f0b833550, 0x0000028f0b832ab0,
0x0000028f0b835a80, 0x0000028f0b833000, 0x0000028f0b835fd0, 0x0000028f0abf8280,
0x0000028f0abfa260, 0x0000028f0abfb7a0, 0x0000028f0abfc790, 0x0000028f0abfbcf0,
0x0000028f0abfb250, 0x0000028f0abfd780, 0x0000028f0abfe770, 0x0000028f0abfcce0,
0x0000028f0abfdcd0, 0x0000028f0abfecc0, 0x0000028f0e3df3a0, 0x0000028f0e3e0e30,
0x0000028f0e3e1380, 0x0000028f0e3e28c0, 0x0000028f0e3e38b0, 0x0000028f0e3e6dd0,
0x0000028f0e3e8310, 0x0000028f0e3ea840, 0x0000028f0e3e8860, 0x0000028f0e3ead90,
0x0000028f0e3e9300, 0x0000028f0e3e9da0, 0x0000028f0abef310, 0x0000028f0abefdb0,
0x0000028f0c49f1c0, 0x0000028f0c49c1f0, 0x0000028f0c4a01b0, 0x0000028f0c49c740,
0x0000028f0c49dc80, 0x0000028f0c49e720, 0x0000028f0c4a0700, 0x0000028f0c49cc90,
0x0000028f0c4a0c50, 0x0000028f0c49d1e0, 0x0000028f0c4a11a0, 0x0000028f0c4a16f0,
0x0000028f0c4a1c40, 0x0000028f0c49e1d0, 0x0000028f0c4a46c0, 0x0000028f0c4a26e0,
0x0000028f0c4a4170, 0x0000028f0abf0da0, 0x0000028f0abf2d80, 0x0000028f0abf12f0,
0x0000028f0e3eb2e0, 0x0000028f0a1b2200, 0x0000028f0b82a5e0, 0x0000028f07032610,
0x0000028f0c4a9120, 0x0000028f0b1312a0, 0x0000028f0e75f550, 0x0000028f021f7c30,
0x0000028f13e1b5b0, 0x0000028f13e1c5a0, 0x0000028f13e1d590, 0x0000028f13e1ab10,
0x0000028f09e7c6a0, 0x0000028f09e7a6c0, 0x0000028f09e7b160, 0x0000028f15184e00,
0x0000028f18f5afc0, 0x0000028f18f59530, 0x0000028f18f5b510, 0x0000028f15185df0,
0x0000028f20cacdb0, 0x0000028f20cac860, 0x0000028f20cac310, 0x0000028f0bba5640,
0x0000028f18f5aa70, 0x0000028f0c5549a0, 0x0000028f18775070, 0x0000028f187755c0,
0x0000028f20cae2f0, 0x0000028f18775b10, 0x0000028f187745d0, 0x0000028f20cad850,
0x0000028f20caadd0, 0x0000028f172b5d10, 0x0000028f172b3290, 0x0000028f172b47d0,
0x0000028f172b6260, 0x0000028f172b57c0, 0x0000028f0c552f10, 0x0000028f12fdb290,
0x0000028f17825a50, 0x0000028f17825fa0, 0x0000028f18774b20, 0x0000028f187b4d40,
0x0000028f1405e020, 0x0000028f14060000, 0x0000028f1588e560, 0x0000028f23879060,
0x0000028f14060aa0, 0x0000028f2387c580, 0x0000028f14246840
}

Java Threads: ( => current thread )
  0x0000028f6283b040 JavaThread "main" [_thread_blocked, id=5020, stack(0x000000fc71c00000,0x000000fc71d00000)]
  0x0000028f7f520870 JavaThread "Reference Handler" daemon [_thread_blocked, id=22488, stack(0x000000fc72400000,0x000000fc72500000)]
  0x0000028f7f522190 JavaThread "Finalizer" daemon [_thread_blocked, id=29772, stack(0x000000fc72500000,0x000000fc72600000)]
  0x0000028f7f52bbd0 JavaThread "Signal Dispatcher" daemon [_thread_blocked, id=24832, stack(0x000000fc72600000,0x000000fc72700000)]
  0x0000028f7f52c780 JavaThread "Attach Listener" daemon [_thread_blocked, id=5324, stack(0x000000fc72700000,0x000000fc72800000)]
  0x0000028f7f52dfa0 JavaThread "Service Thread" daemon [_thread_blocked, id=31064, stack(0x000000fc72800000,0x000000fc72900000)]
  0x0000028f7f52ea70 JavaThread "Monitor Deflation Thread" daemon [_thread_blocked, id=43632, stack(0x000000fc72900000,0x000000fc72a00000)]
=>0x0000028f020ccdf0 JavaThread "C2 CompilerThread0" daemon [_thread_in_native, id=20960, stack(0x000000fc72a00000,0x000000fc72b00000)]
  0x0000028f020da350 JavaThread "C1 CompilerThread0" daemon [_thread_blocked, id=29848, stack(0x000000fc72b00000,0x000000fc72c00000)]
  0x0000028f020fdc50 JavaThread "Sweeper thread" daemon [_thread_blocked, id=26692, stack(0x000000fc72c00000,0x000000fc72d00000)]
  0x0000028f02080090 JavaThread "Common-Cleaner" daemon [_thread_blocked, id=19404, stack(0x000000fc72d00000,0x000000fc72e00000)]
  0x0000028f023b34d0 JavaThread "Notification Thread" daemon [_thread_blocked, id=4540, stack(0x000000fc73000000,0x000000fc73100000)]
  0x0000028f07f1a150 JavaThread "Daemon health stats" [_thread_blocked, id=36796, stack(0x000000fc73200000,0x000000fc73300000)]
  0x0000028f08198600 JavaThread "Incoming local TCP Connector on port 49202" [_thread_in_native, id=19668, stack(0x000000fc73300000,0x000000fc73400000)]
  0x0000028f06eaf4b0 JavaThread "Daemon periodic checks" [_thread_blocked, id=32084, stack(0x000000fc73a00000,0x000000fc73b00000)]
  0x0000028f070ce430 JavaThread "Daemon" [_thread_blocked, id=31204, stack(0x000000fc73c00000,0x000000fc73d00000)]
  0x0000028f070ced80 JavaThread "Handler for socket connection from /127.0.0.1:49202 to /127.0.0.1:49203" [_thread_in_native, id=27488, stack(0x000000fc73d00000,0x000000fc73e00000)]
  0x0000028f06d49a80 JavaThread "Cancel handler" [_thread_blocked, id=28532, stack(0x000000fc73900000,0x000000fc73a00000)]
  0x0000028f021f6c40 JavaThread "Daemon worker" [_thread_blocked, id=19176, stack(0x000000fc73e00000,0x000000fc73f00000)]
  0x0000028f021f8c20 JavaThread "Asynchronous log dispatcher for DefaultDaemonConnection: socket connection from /127.0.0.1:49202 to /127.0.0.1:49203" [_thread_blocked, id=34640, stack(0x000000fc73f00000,0x000000fc74000000)]
  0x0000028f021f5700 JavaThread "Stdin handler" [_thread_blocked, id=28112, stack(0x000000fc74000000,0x000000fc74100000)]
  0x0000028f021f61a0 JavaThread "Daemon client event forwarder" [_thread_blocked, id=32512, stack(0x000000fc74100000,0x000000fc74200000)]
  0x0000028f021f66f0 JavaThread "Cache worker for journal cache (C:\Users\mkmad\.gradle\caches\journal-1)" [_thread_blocked, id=31624, stack(0x000000fc74200000,0x000000fc74300000)]
  0x0000028f021f7190 JavaThread "File lock request listener" [_thread_in_native, id=16508, stack(0x000000fc74300000,0x000000fc74400000)]
  0x0000028f021f86d0 JavaThread "Cache worker for file hash cache (C:\Users\mkmad\.gradle\caches\9.3.1\fileHashes)" [_thread_blocked, id=42504, stack(0x000000fc74500000,0x000000fc74600000)]
  0x0000028f0a1b31f0 JavaThread "Cache worker for file hash cache (C:\RN\26JUL2026\android\.gradle\9.3.1\fileHashes)" [_thread_blocked, id=14960, stack(0x000000fc75100000,0x000000fc75200000)]
  0x0000028f0a1b4730 JavaThread "Cache worker for Build Output Cleanup Cache (C:\RN\26JUL2026\android\.gradle\buildOutputCleanup)" [_thread_blocked, id=31184, stack(0x000000fc75200000,0x000000fc75300000)]
  0x0000028f0a1b4c80 JavaThread "File watcher server" daemon [_thread_in_native, id=42280, stack(0x000000fc75300000,0x000000fc75400000)]
  0x0000028f0a1b1cb0 JavaThread "File watcher consumer" daemon [_thread_blocked, id=47648, stack(0x000000fc75400000,0x000000fc75500000)]
  0x0000028f0a1b1760 JavaThread "Cache worker for checksums cache (C:\RN\26JUL2026\android\.gradle\9.3.1\checksums)" [_thread_blocked, id=41972, stack(0x000000fc75500000,0x000000fc75600000)]
  0x0000028f0a1b2ca0 JavaThread "Cache worker for file content cache (C:\Users\mkmad\.gradle\caches\9.3.1\fileContent)" [_thread_blocked, id=16808, stack(0x000000fc75000000,0x000000fc75100000)]
  0x0000028f0a1b1210 JavaThread "Cache worker for cache directory md-supplier (C:\Users\mkmad\.gradle\caches\9.3.1\md-supplier)" [_thread_blocked, id=41664, stack(0x000000fc75600000,0x000000fc75700000)]
  0x0000028f0a1b5720 JavaThread "Cache worker for cache directory md-rule (C:\Users\mkmad\.gradle\caches\9.3.1\md-rule)" [_thread_blocked, id=15488, stack(0x000000fc75700000,0x000000fc75800000)]
  0x0000028f0a1b61c0 JavaThread "jar transforms" [_thread_blocked, id=13716, stack(0x000000fc74400000,0x000000fc74500000)]
  0x0000028f0a1b2750 JavaThread "Cache worker for Build Output Cleanup Cache (C:\RN\26JUL2026\node_modules\@react-native\gradle-plugin\.gradle\buildOutputCleanup)" [_thread_blocked, id=28476, stack(0x000000fc75c00000,0x000000fc75d00000)]
  0x0000028f0a1b6c60 JavaThread "Unconstrained build operations" [_thread_blocked, id=34708, stack(0x000000fc73b00000,0x000000fc73c00000)]
  0x0000028f0a1b71b0 JavaThread "Unconstrained build operations Thread 2" [_thread_blocked, id=42248, stack(0x000000fc75800000,0x000000fc75900000)]
  0x0000028f0a1b7700 JavaThread "Unconstrained build operations Thread 3" [_thread_blocked, id=41656, stack(0x000000fc75900000,0x000000fc75a00000)]
  0x0000028f0a1b81a0 JavaThread "Unconstrained build operations Thread 4" [_thread_blocked, id=7036, stack(0x000000fc75f00000,0x000000fc76000000)]
  0x0000028f0e569080 JavaThread "Unconstrained build operations Thread 5" [_thread_blocked, id=11840, stack(0x000000fc76000000,0x000000fc76100000)]
  0x0000028f0e569b20 JavaThread "Unconstrained build operations Thread 6" [_thread_blocked, id=36972, stack(0x000000fc76100000,0x000000fc76200000)]
  0x0000028f0e56a070 JavaThread "Unconstrained build operations Thread 7" [_thread_blocked, id=37644, stack(0x000000fc76200000,0x000000fc76300000)]
  0x0000028f0e56a5c0 JavaThread "Unconstrained build operations Thread 8" [_thread_blocked, id=6364, stack(0x000000fc76300000,0x000000fc76400000)]
  0x0000028f0e56ab10 JavaThread "Unconstrained build operations Thread 9" [_thread_blocked, id=12168, stack(0x000000fc76400000,0x000000fc76500000)]
  0x0000028f0e5695d0 JavaThread "Unconstrained build operations Thread 10" [_thread_blocked, id=40572, stack(0x000000fc76500000,0x000000fc76600000)]
  0x0000028f0e56b060 JavaThread "Unconstrained build operations Thread 11" [_thread_blocked, id=30928, stack(0x000000fc76600000,0x000000fc76700000)]
  0x0000028f0e56b5b0 JavaThread "Unconstrained build operations Thread 12" [_thread_blocked, id=34976, stack(0x000000fc76700000,0x000000fc76800000)]
  0x0000028f0e5685e0 JavaThread "Unconstrained build operations Thread 13" [_thread_blocked, id=32236, stack(0x000000fc76800000,0x000000fc76900000)]
  0x0000028f0e56bb00 JavaThread "Unconstrained build operations Thread 14" [_thread_blocked, id=28596, stack(0x000000fc76900000,0x000000fc76a00000)]
  0x0000028f0e568090 JavaThread "Unconstrained build operations Thread 15" [_thread_blocked, id=42004, stack(0x000000fc76a00000,0x000000fc76b00000)]
  0x0000028f0e56c050 JavaThread "Unconstrained build operations Thread 16" [_thread_blocked, id=9516, stack(0x000000fc76b00000,0x000000fc76c00000)]
  0x0000028f0e568b30 JavaThread "Unconstrained build operations Thread 17" [_thread_blocked, id=12376, stack(0x000000fc76c00000,0x000000fc76d00000)]
  0x0000028f0e56e030 JavaThread "Unconstrained build operations Thread 18" [_thread_blocked, id=22936, stack(0x000000fc76d00000,0x000000fc76e00000)]
  0x0000028f0e56c5a0 JavaThread "Unconstrained build operations Thread 19" [_thread_blocked, id=22184, stack(0x000000fc76e00000,0x000000fc76f00000)]
  0x0000028f0e56caf0 JavaThread "Unconstrained build operations Thread 20" [_thread_blocked, id=6408, stack(0x000000fc76f00000,0x000000fc77000000)]
  0x0000028f0e56d040 JavaThread "Unconstrained build operations Thread 21" [_thread_blocked, id=6428, stack(0x000000fc77000000,0x000000fc77100000)]
  0x0000028f0e56d590 JavaThread "Unconstrained build operations Thread 22" [_thread_blocked, id=23824, stack(0x000000fc77100000,0x000000fc77200000)]
  0x0000028f0e56dae0 JavaThread "Unconstrained build operations Thread 23" [_thread_blocked, id=49140, stack(0x000000fc77200000,0x000000fc77300000)]
  0x0000028f0e56fac0 JavaThread "Unconstrained build operations Thread 24" [_thread_blocked, id=48328, stack(0x000000fc77300000,0x000000fc77400000)]
  0x0000028f0e56e580 JavaThread "Unconstrained build operations Thread 25" [_thread_blocked, id=668, stack(0x000000fc77400000,0x000000fc77500000)]
  0x0000028f0e56ead0 JavaThread "Unconstrained build operations Thread 26" [_thread_blocked, id=6532, stack(0x000000fc77500000,0x000000fc77600000)]
  0x0000028f0e56f020 JavaThread "Unconstrained build operations Thread 27" [_thread_blocked, id=36056, stack(0x000000fc77600000,0x000000fc77700000)]
  0x0000028f0e56f570 JavaThread "Unconstrained build operations Thread 28" [_thread_blocked, id=23792, stack(0x000000fc77700000,0x000000fc77800000)]
  0x0000028f0b12dd80 JavaThread "Unconstrained build operations Thread 29" [_thread_blocked, id=5016, stack(0x000000fc77800000,0x000000fc77900000)]
  0x0000028f0b12b850 JavaThread "Unconstrained build operations Thread 30" [_thread_blocked, id=18296, stack(0x000000fc77900000,0x000000fc77a00000)]
  0x0000028f0b12d830 JavaThread "Unconstrained build operations Thread 31" [_thread_blocked, id=33076, stack(0x000000fc77a00000,0x000000fc77b00000)]
  0x0000028f0b12c840 JavaThread "Unconstrained build operations Thread 32" [_thread_blocked, id=34072, stack(0x000000fc77b00000,0x000000fc77c00000)]
  0x0000028f0b12e820 JavaThread "Unconstrained build operations Thread 33" [_thread_blocked, id=972, stack(0x000000fc77c00000,0x000000fc77d00000)]
  0x0000028f0b12e2d0 JavaThread "Unconstrained build operations Thread 34" [_thread_blocked, id=36900, stack(0x000000fc77d00000,0x000000fc77e00000)]
  0x0000028f0b12adb0 JavaThread "Unconstrained build operations Thread 35" [_thread_blocked, id=28908, stack(0x000000fc77e00000,0x000000fc77f00000)]
  0x0000028f0b12ed70 JavaThread "Unconstrained build operations Thread 36" [_thread_blocked, id=17368, stack(0x000000fc77f00000,0x000000fc78000000)]
  0x0000028f0b12bda0 JavaThread "Unconstrained build operations Thread 37" [_thread_blocked, id=47896, stack(0x000000fc78000000,0x000000fc78100000)]
  0x0000028f0b12b300 JavaThread "Unconstrained build operations Thread 38" [_thread_blocked, id=48336, stack(0x000000fc78100000,0x000000fc78200000)]
  0x0000028f0b12f2c0 JavaThread "Unconstrained build operations Thread 39" [_thread_blocked, id=31756, stack(0x000000fc78200000,0x000000fc78300000)]
  0x0000028f0b12f810 JavaThread "Unconstrained build operations Thread 40" [_thread_blocked, id=14400, stack(0x000000fc78300000,0x000000fc78400000)]
  0x0000028f0b12fd60 JavaThread "Unconstrained build operations Thread 41" [_thread_blocked, id=27056, stack(0x000000fc78400000,0x000000fc78500000)]
  0x0000028f0b12d2e0 JavaThread "Unconstrained build operations Thread 42" [_thread_blocked, id=12660, stack(0x000000fc78500000,0x000000fc78600000)]
  0x0000028f0b12c2f0 JavaThread "Unconstrained build operations Thread 43" [_thread_blocked, id=20864, stack(0x000000fc78600000,0x000000fc78700000)]
  0x0000028f0b130800 JavaThread "Unconstrained build operations Thread 44" [_thread_blocked, id=45796, stack(0x000000fc78700000,0x000000fc78800000)]
  0x0000028f0b1302b0 JavaThread "Unconstrained build operations Thread 45" [_thread_blocked, id=3032, stack(0x000000fc78800000,0x000000fc78900000)]
  0x0000028f0b12cd90 JavaThread "Unconstrained build operations Thread 46" [_thread_blocked, id=17388, stack(0x000000fc78900000,0x000000fc78a00000)]
  0x0000028f0b131d40 JavaThread "Unconstrained build operations Thread 47" [_thread_blocked, id=33020, stack(0x000000fc78a00000,0x000000fc78b00000)]
  0x0000028f0b132290 JavaThread "Unconstrained build operations Thread 48" [_thread_blocked, id=18072, stack(0x000000fc78b00000,0x000000fc78c00000)]
  0x0000028f0b130d50 JavaThread "build event listener" [_thread_blocked, id=12028, stack(0x000000fc75b00000,0x000000fc75c00000)]
  0x0000028f0b1327e0 JavaThread "Memory manager" [_thread_blocked, id=22352, stack(0x000000fc78c00000,0x000000fc78d00000)]
  0x0000028f0702eba0 JavaThread "Problems report writer" [_thread_blocked, id=35404, stack(0x000000fc75e00000,0x000000fc75f00000)]
  0x0000028f0e75c580 JavaThread "Execution worker" [_thread_blocked, id=34208, stack(0x000000fc79200000,0x000000fc79300000)]
  0x0000028f0e75c030 JavaThread "Execution worker Thread 2" [_thread_blocked, id=504, stack(0x000000fc79300000,0x000000fc79400000)]
  0x0000028f0e75fff0 JavaThread "Execution worker Thread 3" [_thread_blocked, id=36664, stack(0x000000fc7a200000,0x000000fc7a300000)]
  0x0000028f0e760a90 JavaThread "Execution worker Thread 4" [_thread_blocked, id=18480, stack(0x000000fc7a300000,0x000000fc7a400000)]
  0x0000028f0e760540 JavaThread "Execution worker Thread 5" [_thread_blocked, id=19964, stack(0x000000fc7a400000,0x000000fc7a500000)]
  0x0000028f0e75e560 JavaThread "Execution worker Thread 6" [_thread_blocked, id=2552, stack(0x000000fc7a500000,0x000000fc7a600000)]
  0x0000028f0e760fe0 JavaThread "Execution worker Thread 7" [_thread_blocked, id=1012, stack(0x000000fc7a600000,0x000000fc7a700000)]
  0x0000028f0e75faa0 JavaThread "Execution worker Thread 8" [_thread_blocked, id=3420, stack(0x000000fc7a700000,0x000000fc7a800000)]
  0x0000028f0e75d570 JavaThread "Execution worker Thread 9" [_thread_blocked, id=12840, stack(0x000000fc7a800000,0x000000fc7a900000)]
  0x0000028f0e761fd0 JavaThread "Execution worker Thread 10" [_thread_blocked, id=39748, stack(0x000000fc7a900000,0x000000fc7aa00000)]
  0x0000028f0e761530 JavaThread "Execution worker Thread 11" [_thread_blocked, id=35112, stack(0x000000fc7aa00000,0x000000fc7ab00000)]
  0x0000028f0e761a80 JavaThread "Execution worker Thread 12" [_thread_blocked, id=48424, stack(0x000000fc7ab00000,0x000000fc7ac00000)]
  0x0000028f0e762520 JavaThread "Execution worker Thread 13" [_thread_in_native, id=45384, stack(0x000000fc7ac00000,0x000000fc7ad00000)]
  0x0000028f0e75eab0 JavaThread "Execution worker Thread 14" [_thread_blocked, id=34488, stack(0x000000fc7ad00000,0x000000fc7ae00000)]
  0x0000028f0e762a70 JavaThread "Execution worker Thread 15" [_thread_blocked, id=46932, stack(0x000000fc7ae00000,0x000000fc7af00000)]
  0x0000028f0e763a60 JavaThread "Cache worker for execution history cache (C:\RN\26JUL2026\node_modules\@react-native\gradle-plugin\.gradle\9.3.1\executionHistory)" [_thread_blocked, id=44580, stack(0x000000fc7af00000,0x000000fc7b000000)]
  0x0000028f0e762fc0 JavaThread "Unconstrained build operations Thread 49" [_thread_blocked, id=38792, stack(0x000000fc72f00000,0x000000fc73000000)]
  0x0000028f0e763510 JavaThread "Unconstrained build operations Thread 50" [_thread_blocked, id=31764, stack(0x000000fc7b000000,0x000000fc7b100000)]
  0x0000028f0af834c0 JavaThread "Unconstrained build operations Thread 51" [_thread_blocked, id=31128, stack(0x000000fc7b100000,0x000000fc7b200000)]
  0x0000028f0af804f0 JavaThread "Unconstrained build operations Thread 52" [_thread_blocked, id=9976, stack(0x000000fc7b200000,0x000000fc7b300000)]
  0x0000028f0af824d0 JavaThread "Unconstrained build operations Thread 53" [_thread_blocked, id=12680, stack(0x000000fc7b300000,0x000000fc7b400000)]
  0x0000028f0af82a20 JavaThread "Unconstrained build operations Thread 54" [_thread_blocked, id=19316, stack(0x000000fc7b400000,0x000000fc7b500000)]
  0x0000028f0af80a40 JavaThread "Unconstrained build operations Thread 55" [_thread_blocked, id=16168, stack(0x000000fc7b500000,0x000000fc7b600000)]
  0x0000028f0af80f90 JavaThread "Unconstrained build operations Thread 56" [_thread_blocked, id=26068, stack(0x000000fc7b600000,0x000000fc7b700000)]
  0x0000028f0af82f70 JavaThread "Unconstrained build operations Thread 57" [_thread_blocked, id=13712, stack(0x000000fc7b700000,0x000000fc7b800000)]
  0x0000028f0af81a30 JavaThread "Unconstrained build operations Thread 58" [_thread_blocked, id=31840, stack(0x000000fc7ba00000,0x000000fc7bb00000)]
  0x0000028f0af814e0 JavaThread "Unconstrained build operations Thread 59" [_thread_blocked, id=22888, stack(0x000000fc7bb00000,0x000000fc7bc00000)]
  0x0000028f0af81f80 JavaThread "Unconstrained build operations Thread 60" [_thread_blocked, id=30308, stack(0x000000fc7bc00000,0x000000fc7bd00000)]
  0x0000028f0af83a10 JavaThread "Unconstrained build operations Thread 61" [_thread_blocked, id=24540, stack(0x000000fc7bd00000,0x000000fc7be00000)]
  0x0000028f0af7ffa0 JavaThread "Unconstrained build operations Thread 62" [_thread_blocked, id=13024, stack(0x000000fc7be00000,0x000000fc7bf00000)]
  0x0000028f0af844b0 JavaThread "Unconstrained build operations Thread 63" [_thread_blocked, id=38748, stack(0x000000fc7bf00000,0x000000fc7c000000)]
  0x0000028f0af85f40 JavaThread "Unconstrained build operations Thread 64" [_thread_blocked, id=18160, stack(0x000000fc7c000000,0x000000fc7c100000)]
  0x0000028f0af84a00 JavaThread "Unconstrained build operations Thread 65" [_thread_blocked, id=48108, stack(0x000000fc7c100000,0x000000fc7c200000)]
  0x0000028f0af854a0 JavaThread "Unconstrained build operations Thread 66" [_thread_blocked, id=12616, stack(0x000000fc7c200000,0x000000fc7c300000)]
  0x0000028f0af869e0 JavaThread "Unconstrained build operations Thread 67" [_thread_blocked, id=47708, stack(0x000000fc7c300000,0x000000fc7c400000)]
  0x0000028f0af84f50 JavaThread "Unconstrained build operations Thread 68" [_thread_blocked, id=6884, stack(0x000000fc7c400000,0x000000fc7c500000)]
  0x0000028f0af859f0 JavaThread "Unconstrained build operations Thread 69" [_thread_blocked, id=11004, stack(0x000000fc7c500000,0x000000fc7c600000)]
  0x0000028f0af86490 JavaThread "Unconstrained build operations Thread 70" [_thread_blocked, id=18600, stack(0x000000fc7c600000,0x000000fc7c700000)]
  0x0000028f0af83f60 JavaThread "Unconstrained build operations Thread 71" [_thread_blocked, id=15456, stack(0x000000fc7c700000,0x000000fc7c800000)]
  0x0000028f0af86f30 JavaThread "Unconstrained build operations Thread 72" [_thread_blocked, id=10816, stack(0x000000fc7c800000,0x000000fc7c900000)]
  0x0000028f0af87480 JavaThread "Unconstrained build operations Thread 73" [_thread_blocked, id=43104, stack(0x000000fc7c900000,0x000000fc7ca00000)]
  0x0000028f0af879d0 JavaThread "Unconstrained build operations Thread 74" [_thread_blocked, id=22760, stack(0x000000fc7ca00000,0x000000fc7cb00000)]
  0x0000028f02234b00 JavaThread "Unconstrained build operations Thread 75" [_thread_blocked, id=20416, stack(0x000000fc7cb00000,0x000000fc7cc00000)]
  0x0000028f02236ae0 JavaThread "Unconstrained build operations Thread 76" [_thread_blocked, id=27020, stack(0x000000fc7cc00000,0x000000fc7cd00000)]
  0x0000028f02236590 JavaThread "Unconstrained build operations Thread 77" [_thread_blocked, id=30088, stack(0x000000fc7cd00000,0x000000fc7ce00000)]
  0x0000028f02233070 JavaThread "Unconstrained build operations Thread 78" [_thread_blocked, id=20996, stack(0x000000fc7ce00000,0x000000fc7cf00000)]
  0x0000028f02233b10 JavaThread "Unconstrained build operations Thread 79" [_thread_blocked, id=34328, stack(0x000000fc7b900000,0x000000fc7ba00000)]
  0x0000028f02234060 JavaThread "Unconstrained build operations Thread 80" [_thread_blocked, id=27196, stack(0x000000fc7cf00000,0x000000fc7d000000)]
  0x0000028f022335c0 JavaThread "Unconstrained build operations Thread 81" [_thread_blocked, id=12180, stack(0x000000fc7d000000,0x000000fc7d100000)]
  0x0000028f022355a0 JavaThread "Unconstrained build operations Thread 82" [_thread_blocked, id=26380, stack(0x000000fc7d100000,0x000000fc7d200000)]
  0x0000028f02237ad0 JavaThread "Unconstrained build operations Thread 83" [_thread_blocked, id=32676, stack(0x000000fc7d200000,0x000000fc7d300000)]
  0x0000028f02237030 JavaThread "Unconstrained build operations Thread 84" [_thread_blocked, id=11068, stack(0x000000fc7d300000,0x000000fc7d400000)]
  0x0000028f02237580 JavaThread "Unconstrained build operations Thread 85" [_thread_blocked, id=42932, stack(0x000000fc7d400000,0x000000fc7d500000)]
  0x0000028f02235af0 JavaThread "Unconstrained build operations Thread 86" [_thread_blocked, id=11632, stack(0x000000fc7d500000,0x000000fc7d600000)]
  0x0000028f02236040 JavaThread "Unconstrained build operations Thread 87" [_thread_blocked, id=40176, stack(0x000000fc7d600000,0x000000fc7d700000)]
  0x0000028f022345b0 JavaThread "Unconstrained build operations Thread 88" [_thread_blocked, id=4976, stack(0x000000fc7d700000,0x000000fc7d800000)]
  0x0000028f02238570 JavaThread "Unconstrained build operations Thread 89" [_thread_blocked, id=20716, stack(0x000000fc7d800000,0x000000fc7d900000)]
  0x0000028f02238ac0 JavaThread "Unconstrained build operations Thread 90" [_thread_blocked, id=19224, stack(0x000000fc7d900000,0x000000fc7da00000)]
  0x0000028f02239560 JavaThread "Unconstrained build operations Thread 91" [_thread_blocked, id=25820, stack(0x000000fc7da00000,0x000000fc7db00000)]
  0x0000028f02238020 JavaThread "Unconstrained build operations Thread 92" [_thread_blocked, id=27076, stack(0x000000fc7db00000,0x000000fc7dc00000)]
  0x0000028f02239010 JavaThread "Unconstrained build operations Thread 93" [_thread_blocked, id=15828, stack(0x000000fc7dc00000,0x000000fc7dd00000)]
  0x0000028f02235050 JavaThread "Unconstrained build operations Thread 94" [_thread_blocked, id=10192, stack(0x000000fc7dd00000,0x000000fc7de00000)]
  0x0000028f0223aaa0 JavaThread "Unconstrained build operations Thread 95" [_thread_blocked, id=19984, stack(0x000000fc7de00000,0x000000fc7df00000)]
  0x0000028f02239ab0 JavaThread "Unconstrained build operations Thread 96" [_thread_blocked, id=44304, stack(0x000000fc7df00000,0x000000fc7e000000)]
  0x0000028f0223a000 JavaThread "Unconstrained build operations Thread 97" [_thread_blocked, id=18212, stack(0x000000fc7e000000,0x000000fc7e100000)]
  0x0000028f0223a550 JavaThread "Unconstrained build operations Thread 98" [_thread_blocked, id=46592, stack(0x000000fc7e100000,0x000000fc7e200000)]
  0x0000028f0a51fea0 JavaThread "Unconstrained build operations Thread 99" [_thread_blocked, id=18240, stack(0x000000fc7e200000,0x000000fc7e300000)]
  0x0000028f0a51e410 JavaThread "Unconstrained build operations Thread 100" [_thread_blocked, id=13104, stack(0x000000fc7e300000,0x000000fc7e400000)]
  0x0000028f0a51f400 JavaThread "Unconstrained build operations Thread 101" [_thread_blocked, id=42408, stack(0x000000fc7e400000,0x000000fc7e500000)]
  0x0000028f0a51e960 JavaThread "Unconstrained build operations Thread 102" [_thread_blocked, id=18156, stack(0x000000fc7e500000,0x000000fc7e600000)]
  0x0000028f0a51f950 JavaThread "Unconstrained build operations Thread 103" [_thread_blocked, id=16964, stack(0x000000fc7e600000,0x000000fc7e700000)]
  0x0000028f0a521930 JavaThread "Unconstrained build operations Thread 104" [_thread_blocked, id=42052, stack(0x000000fc7e700000,0x000000fc7e800000)]
  0x0000028f0a51eeb0 JavaThread "Unconstrained build operations Thread 105" [_thread_blocked, id=29192, stack(0x000000fc7e800000,0x000000fc7e900000)]
  0x0000028f0a520940 JavaThread "Unconstrained build operations Thread 106" [_thread_blocked, id=37984, stack(0x000000fc7e900000,0x000000fc7ea00000)]
  0x0000028f0a5203f0 JavaThread "Unconstrained build operations Thread 107" [_thread_blocked, id=27740, stack(0x000000fc7ea00000,0x000000fc7eb00000)]
  0x0000028f0a51dec0 JavaThread "Unconstrained build operations Thread 108" [_thread_blocked, id=45484, stack(0x000000fc7eb00000,0x000000fc7ec00000)]
  0x0000028f0a521e80 JavaThread "Unconstrained build operations Thread 109" [_thread_blocked, id=38124, stack(0x000000fc7ec00000,0x000000fc7ed00000)]
  0x0000028f0a520e90 JavaThread "Unconstrained build operations Thread 110" [_thread_blocked, id=40256, stack(0x000000fc7ed00000,0x000000fc7ee00000)]
  0x0000028f0a5223d0 JavaThread "Unconstrained build operations Thread 111" [_thread_blocked, id=35832, stack(0x000000fc7ee00000,0x000000fc7ef00000)]
  0x0000028f0a523e60 JavaThread "Unconstrained build operations Thread 112" [_thread_blocked, id=3332, stack(0x000000fc7ef00000,0x000000fc7f000000)]
  0x0000028f0a522920 JavaThread "Unconstrained build operations Thread 113" [_thread_blocked, id=6032, stack(0x000000fc7f000000,0x000000fc7f100000)]
  0x0000028f0a5243b0 JavaThread "Unconstrained build operations Thread 114" [_thread_blocked, id=2252, stack(0x000000fc7f100000,0x000000fc7f200000)]
  0x0000028f0a524900 JavaThread "Unconstrained build operations Thread 115" [_thread_blocked, id=13892, stack(0x000000fc7f200000,0x000000fc7f300000)]
  0x0000028f0a524e50 JavaThread "Unconstrained build operations Thread 116" [_thread_blocked, id=19684, stack(0x000000fc7f300000,0x000000fc7f400000)]
  0x0000028f0a5213e0 JavaThread "Unconstrained build operations Thread 117" [_thread_blocked, id=47520, stack(0x000000fc7f400000,0x000000fc7f500000)]
  0x0000028f0a523910 JavaThread "Unconstrained build operations Thread 118" [_thread_blocked, id=39256, stack(0x000000fc7f500000,0x000000fc7f600000)]
  0x0000028f0a522e70 JavaThread "Unconstrained build operations Thread 119" [_thread_blocked, id=32316, stack(0x000000fc7f600000,0x000000fc7f700000)]
  0x0000028f0a5233c0 JavaThread "Unconstrained build operations Thread 120" [_thread_blocked, id=25580, stack(0x000000fc7f700000,0x000000fc7f800000)]
  0x0000028f0a5253a0 JavaThread "Unconstrained build operations Thread 121" [_thread_blocked, id=40388, stack(0x000000fc7f800000,0x000000fc7f900000)]
  0x0000028f0a5258f0 JavaThread "Unconstrained build operations Thread 122" [_thread_blocked, id=22424, stack(0x000000fc7f900000,0x000000fc7fa00000)]
  0x0000028f0b827b60 JavaThread "Unconstrained build operations Thread 123" [_thread_blocked, id=26372, stack(0x000000fc7fa00000,0x000000fc7fb00000)]
  0x0000028f0b828b50 JavaThread "Unconstrained build operations Thread 124" [_thread_blocked, id=44320, stack(0x000000fc7fb00000,0x000000fc7fc00000)]
  0x0000028f0b8295f0 JavaThread "Unconstrained build operations Thread 125" [_thread_blocked, id=35700, stack(0x000000fc7fc00000,0x000000fc7fd00000)]
  0x0000028f0b8270c0 JavaThread "jar transforms Thread 2" [_thread_blocked, id=6728, stack(0x000000fc7fe00000,0x000000fc7ff00000)]
  0x0000028f0b829b40 JavaThread "jar transforms Thread 3" [_thread_blocked, id=28224, stack(0x000000fc7ff00000,0x000000fc80000000)]
  0x0000028f0b8280b0 JavaThread "Unconstrained build operations Thread 126" [_thread_blocked, id=15412, stack(0x000000fc00300000,0x000000fc00400000)]
  0x0000028f0b826b70 JavaThread "Unconstrained build operations Thread 127" [_thread_blocked, id=37400, stack(0x000000fc00400000,0x000000fc00500000)]
  0x0000028f0b828600 JavaThread "Unconstrained build operations Thread 128" [_thread_blocked, id=45548, stack(0x000000fc00500000,0x000000fc00600000)]
  0x0000028f0b827610 JavaThread "Unconstrained build operations Thread 129" [_thread_blocked, id=32640, stack(0x000000fc00600000,0x000000fc00700000)]
  0x0000028f0b82b080 JavaThread "Unconstrained build operations Thread 130" [_thread_blocked, id=25500, stack(0x000000fc00700000,0x000000fc00800000)]
  0x0000028f0b82db00 JavaThread "Unconstrained build operations Thread 131" [_thread_blocked, id=13984, stack(0x000000fc00800000,0x000000fc00900000)]
  0x0000028f0b82b5d0 JavaThread "Unconstrained build operations Thread 132" [_thread_blocked, id=36540, stack(0x000000fc00900000,0x000000fc00a00000)]
  0x0000028f0b82e050 JavaThread "Unconstrained build operations Thread 133" [_thread_blocked, id=25396, stack(0x000000fc00a00000,0x000000fc00b00000)]
  0x0000028f0b82bb20 JavaThread "Unconstrained build operations Thread 134" [_thread_blocked, id=5396, stack(0x000000fc00b00000,0x000000fc00c00000)]
  0x0000028f0b82c070 JavaThread "Unconstrained build operations Thread 135" [_thread_blocked, id=28756, stack(0x000000fc00c00000,0x000000fc00d00000)]
  0x0000028f0b82c5c0 JavaThread "Unconstrained build operations Thread 136" [_thread_blocked, id=41424, stack(0x000000fc00e00000,0x000000fc00f00000)]
  0x0000028f0b82d5b0 JavaThread "Unconstrained build operations Thread 137" [_thread_blocked, id=43324, stack(0x000000fc00f00000,0x000000fc01000000)]
  0x0000028f0b82cb10 JavaThread "Unconstrained build operations Thread 138" [_thread_blocked, id=20400, stack(0x000000fc01000000,0x000000fc01100000)]
  0x0000028f0b82e5a0 JavaThread "Unconstrained build operations Thread 139" [_thread_blocked, id=6852, stack(0x000000fc01100000,0x000000fc01200000)]
  0x0000028f0b82ab30 JavaThread "Unconstrained build operations Thread 140" [_thread_blocked, id=33848, stack(0x000000fc01200000,0x000000fc01300000)]
  0x0000028f0b830030 JavaThread "Unconstrained build operations Thread 141" [_thread_blocked, id=29444, stack(0x000000fc01300000,0x000000fc01400000)]
  0x0000028f0b830580 JavaThread "Unconstrained build operations Thread 142" [_thread_blocked, id=46436, stack(0x000000fc01400000,0x000000fc01500000)]
  0x0000028f0b82eaf0 JavaThread "Unconstrained build operations Thread 143" [_thread_blocked, id=42680, stack(0x000000fc01500000,0x000000fc01600000)]
  0x0000028f0b82fae0 JavaThread "Unconstrained build operations Thread 144" [_thread_blocked, id=26980, stack(0x000000fc01600000,0x000000fc01700000)]
  0x0000028f0b82f040 JavaThread "Unconstrained build operations Thread 145" [_thread_blocked, id=47836, stack(0x000000fc01700000,0x000000fc01800000)]
  0x0000028f0b830ad0 JavaThread "Unconstrained build operations Thread 146" [_thread_blocked, id=39160, stack(0x000000fc01800000,0x000000fc01900000)]
  0x0000028f0b82f590 JavaThread "Unconstrained build operations Thread 147" [_thread_blocked, id=37900, stack(0x000000fc01900000,0x000000fc01a00000)]
  0x0000028f0b82d060 JavaThread "Unconstrained build operations Thread 148" [_thread_blocked, id=48020, stack(0x000000fc01a00000,0x000000fc01b00000)]
  0x0000028f0b833aa0 JavaThread "Unconstrained build operations Thread 149" [_thread_blocked, id=22628, stack(0x000000fc01b00000,0x000000fc01c00000)]
  0x0000028f0b833ff0 JavaThread "Unconstrained build operations Thread 150" [_thread_blocked, id=26520, stack(0x000000fc01c00000,0x000000fc01d00000)]
  0x0000028f0b834540 JavaThread "Unconstrained build operations Thread 151" [_thread_blocked, id=42728, stack(0x000000fc02000000,0x000000fc02100000)]
  0x0000028f0b831ac0 JavaThread "Unconstrained build operations Thread 152" [_thread_blocked, id=47120, stack(0x000000fc02100000,0x000000fc02200000)]
  0x0000028f0b831020 JavaThread "Unconstrained build operations Thread 153" [_thread_blocked, id=24392, stack(0x000000fc02200000,0x000000fc02300000)]
  0x0000028f0b834a90 JavaThread "Unconstrained build operations Thread 154" [_thread_blocked, id=21080, stack(0x000000fc02300000,0x000000fc02400000)]
  0x0000028f0b832010 JavaThread "Unconstrained build operations Thread 155" [_thread_blocked, id=40812, stack(0x000000fc02400000,0x000000fc02500000)]
  0x0000028f0b832560 JavaThread "Unconstrained build operations Thread 156" [_thread_blocked, id=6772, stack(0x000000fc02500000,0x000000fc02600000)]
  0x0000028f0b834fe0 JavaThread "Unconstrained build operations Thread 157" [_thread_blocked, id=11760, stack(0x000000fc02600000,0x000000fc02700000)]
  0x0000028f0b831570 JavaThread "Unconstrained build operations Thread 158" [_thread_blocked, id=33756, stack(0x000000fc02700000,0x000000fc02800000)]
  0x0000028f0b833550 JavaThread "Unconstrained build operations Thread 159" [_thread_blocked, id=30580, stack(0x000000fc02800000,0x000000fc02900000)]
  0x0000028f0b832ab0 JavaThread "Unconstrained build operations Thread 160" [_thread_blocked, id=12084, stack(0x000000fc02900000,0x000000fc02a00000)]
  0x0000028f0b835a80 JavaThread "jar transforms Thread 4" [_thread_blocked, id=6460, stack(0x000000fc02b00000,0x000000fc02c00000)]
  0x0000028f0b833000 JavaThread "jar transforms Thread 5" [_thread_blocked, id=31872, stack(0x000000fc02c00000,0x000000fc02d00000)]
  0x0000028f0b835fd0 JavaThread "jar transforms Thread 6" [_thread_blocked, id=47572, stack(0x000000fc02d00000,0x000000fc02e00000)]
  0x0000028f0abf8280 JavaThread "build event listener" [_thread_blocked, id=24200, stack(0x000000fc03d00000,0x000000fc03e00000)]
  0x0000028f0abfa260 JavaThread "jar transforms Thread 7" [_thread_blocked, id=33544, stack(0x000000fc00200000,0x000000fc00300000)]
  0x0000028f0abfb7a0 JavaThread "jar transforms Thread 8" [_thread_blocked, id=35860, stack(0x000000fc03f00000,0x000000fc04000000)]
  0x0000028f0abfc790 JavaThread "jar transforms Thread 9" [_thread_blocked, id=37156, stack(0x000000fc04000000,0x000000fc04100000)]
  0x0000028f0abfbcf0 JavaThread "jar transforms Thread 10" [_thread_blocked, id=40696, stack(0x000000fc03e00000,0x000000fc03f00000)]
  0x0000028f0abfb250 JavaThread "jar transforms Thread 11" [_thread_blocked, id=35332, stack(0x000000fc04200000,0x000000fc04300000)]
  0x0000028f0abfd780 JavaThread "jar transforms Thread 12" [_thread_blocked, id=28188, stack(0x000000fc04100000,0x000000fc04200000)]
  0x0000028f0abfe770 JavaThread "jar transforms Thread 13" [_thread_blocked, id=1408, stack(0x000000fc04400000,0x000000fc04500000)]
  0x0000028f0abfcce0 JavaThread "jar transforms Thread 14" [_thread_blocked, id=12356, stack(0x000000fc04500000,0x000000fc04600000)]
  0x0000028f0abfdcd0 JavaThread "jar transforms Thread 15" [_thread_blocked, id=25608, stack(0x000000fc04600000,0x000000fc04700000)]
  0x0000028f0abfecc0 JavaThread "jar transforms Thread 16" [_thread_blocked, id=17428, stack(0x000000fc04700000,0x000000fc04800000)]
  0x0000028f0e3df3a0 JavaThread "build event listener" [_thread_blocked, id=34688, stack(0x000000fc04d00000,0x000000fc04e00000)]
  0x0000028f0e3e0e30 JavaThread "included builds Thread 2" [_thread_blocked, id=18020, stack(0x000000fc00000000,0x000000fc00100000)]
  0x0000028f0e3e1380 JavaThread "Cache worker for execution history cache (C:\RN\26JUL2026\android\.gradle\9.3.1\executionHistory)" [_thread_blocked, id=47948, stack(0x000000fc00100000,0x000000fc00200000)]
  0x0000028f0e3e28c0 JavaThread "WorkerExecutor Queue Thread 2" [_thread_blocked, id=6776, stack(0x000000fc01d00000,0x000000fc01e00000)]
  0x0000028f0e3e38b0 JavaThread "WorkerExecutor Queue Thread 5" [_thread_blocked, id=40540, stack(0x000000fc02e00000,0x000000fc02f00000)]
  0x0000028f0e3e6dd0 JavaThread "WorkerExecutor Queue Thread 8" [_thread_in_Java, id=47956, stack(0x000000fc03300000,0x000000fc03400000)]
  0x0000028f0e3e8310 JavaThread "WorkerExecutor Queue Thread 10" [_thread_blocked, id=5176, stack(0x000000fc03500000,0x000000fc03600000)]
  0x0000028f0e3ea840 JavaThread "WorkerExecutor Queue Thread 14" [_thread_blocked, id=41652, stack(0x000000fc03800000,0x000000fc03900000)]
  0x0000028f0e3e8860 JavaThread "WorkerExecutor Queue Thread 15" [_thread_blocked, id=17852, stack(0x000000fc03900000,0x000000fc03a00000)]
  0x0000028f0e3ead90 JavaThread "WorkerExecutor Queue Thread 17" [_thread_blocked, id=44128, stack(0x000000fc03b00000,0x000000fc03c00000)]
  0x0000028f0e3e9300 JavaThread "RMI Scheduler(0)" daemon [_thread_blocked, id=23144, stack(0x000000fc03c00000,0x000000fc03d00000)]
  0x0000028f0e3e9da0 JavaThread "RMI GC Daemon" daemon [_thread_blocked, id=39544, stack(0x000000fc04900000,0x000000fc04a00000)]
  0x0000028f0abef310 JavaThread "RMI TCP Accept-0" daemon [_thread_in_native, id=16368, stack(0x000000fc04f00000,0x000000fc05000000)]
  0x0000028f0abefdb0 JavaThread "RMI Reaper" [_thread_blocked, id=11812, stack(0x000000fc05000000,0x000000fc05100000)]
  0x0000028f0c49f1c0 JavaThread "Cache worker for Java compile cache (C:\Users\mkmad\.gradle\caches\9.3.1\javaCompile)" [_thread_blocked, id=44440, stack(0x000000fc07900000,0x000000fc07a00000)]
  0x0000028f0c49c1f0 JavaThread "Build operations" [_thread_blocked, id=22072, stack(0x000000fc07600000,0x000000fc07700000)]
  0x0000028f0c4a01b0 JavaThread "Build operations Thread 2" [_thread_blocked, id=13220, stack(0x000000fc07b00000,0x000000fc07c00000)]
  0x0000028f0c49c740 JavaThread "Build operations Thread 3" [_thread_blocked, id=19028, stack(0x000000fc07e00000,0x000000fc07f00000)]
  0x0000028f0c49dc80 JavaThread "Build operations Thread 4" [_thread_blocked, id=33052, stack(0x000000fc07f00000,0x000000fc08000000)]
  0x0000028f0c49e720 JavaThread "Build operations Thread 5" [_thread_blocked, id=24192, stack(0x000000fc08000000,0x000000fc08100000)]
  0x0000028f0c4a0700 JavaThread "Build operations Thread 6" [_thread_blocked, id=19580, stack(0x000000fc08100000,0x000000fc08200000)]
  0x0000028f0c49cc90 JavaThread "Build operations Thread 7" [_thread_blocked, id=25612, stack(0x000000fc08200000,0x000000fc08300000)]
  0x0000028f0c4a0c50 JavaThread "Build operations Thread 8" [_thread_blocked, id=16380, stack(0x000000fc08300000,0x000000fc08400000)]
  0x0000028f0c49d1e0 JavaThread "Build operations Thread 9" [_thread_blocked, id=5040, stack(0x000000fc08400000,0x000000fc08500000)]
  0x0000028f0c4a11a0 JavaThread "Build operations Thread 10" [_thread_blocked, id=43024, stack(0x000000fc08500000,0x000000fc08600000)]
  0x0000028f0c4a16f0 JavaThread "Build operations Thread 11" [_thread_blocked, id=24472, stack(0x000000fc08600000,0x000000fc08700000)]
  0x0000028f0c4a1c40 JavaThread "Build operations Thread 12" [_thread_blocked, id=4784, stack(0x000000fc08700000,0x000000fc08800000)]
  0x0000028f0c49e1d0 JavaThread "Build operations Thread 13" [_thread_blocked, id=47772, stack(0x000000fc08800000,0x000000fc08900000)]
  0x0000028f0c4a46c0 JavaThread "Build operations Thread 14" [_thread_blocked, id=3212, stack(0x000000fc08900000,0x000000fc08a00000)]
  0x0000028f0c4a26e0 JavaThread "Build operations Thread 15" [_thread_blocked, id=508, stack(0x000000fc08a00000,0x000000fc08b00000)]
  0x0000028f0c4a4170 JavaThread "Build operations Thread 16" [_thread_blocked, id=17952, stack(0x000000fc04a00000,0x000000fc04b00000)]
  0x0000028f0abf0da0 JavaThread "pool-3-thread-1" [_thread_blocked, id=29120, stack(0x000000fc05d00000,0x000000fc05e00000)]
  0x0000028f0abf2d80 JavaThread "stderr" [_thread_in_native, id=42028, stack(0x000000fc05c00000,0x000000fc05d00000)]
  0x0000028f0abf12f0 JavaThread "stdout" [_thread_in_native, id=44544, stack(0x000000fc06000000,0x000000fc06100000)]
  0x0000028f0e3eb2e0 JavaThread "WorkerExecutor Queue Thread 21" [_thread_blocked, id=48236, stack(0x000000fc06d00000,0x000000fc06e00000)]
  0x0000028f0a1b2200 JavaThread "WorkerExecutor Queue Thread 23" [_thread_blocked, id=45740, stack(0x000000fc04c00000,0x000000fc04d00000)]
  0x0000028f0b82a5e0 JavaThread "ForkJoinPool-1-worker-1" daemon [_thread_blocked, id=8724, stack(0x000000fc00d00000,0x000000fc00e00000)]
  0x0000028f07032610 JavaThread "ForkJoinPool-1-worker-5" daemon [_thread_blocked, id=41364, stack(0x000000fc04b00000,0x000000fc04c00000)]
  0x0000028f0c4a9120 JavaThread "ForkJoinPool-1-worker-6" daemon [_thread_blocked, id=10076, stack(0x000000fc05300000,0x000000fc05400000)]
  0x0000028f0b1312a0 JavaThread "ForkJoinPool-1-worker-7" daemon [_thread_blocked, id=24852, stack(0x000000fc06b00000,0x000000fc06c00000)]
  0x0000028f0e75f550 JavaThread "ForkJoinPool-1-worker-8" daemon [_thread_blocked, id=34620, stack(0x000000fc06c00000,0x000000fc06d00000)]
  0x0000028f021f7c30 JavaThread "ForkJoinPool-1-worker-9" daemon [_thread_blocked, id=41200, stack(0x000000fc06e00000,0x000000fc06f00000)]
  0x0000028f13e1b5b0 JavaThread "ForkJoinPool-1-worker-10" daemon [_thread_blocked, id=1264, stack(0x000000fc06f00000,0x000000fc07000000)]
  0x0000028f13e1c5a0 JavaThread "ForkJoinPool-1-worker-13" daemon [_thread_blocked, id=17096, stack(0x000000fc07200000,0x000000fc07300000)]
  0x0000028f13e1d590 JavaThread "ForkJoinPool-1-worker-16" daemon [_thread_blocked, id=30556, stack(0x000000fc07700000,0x000000fc07800000)]
  0x0000028f13e1ab10 JavaThread "WorkerExecutor Queue Thread 25" [_thread_blocked, id=40272, stack(0x000000fc03700000,0x000000fc03800000)]
  0x0000028f09e7c6a0 JavaThread "WorkerExecutor Queue Thread 26" [_thread_in_native, id=43220, stack(0x000000fc04e00000,0x000000fc04f00000)]
  0x0000028f09e7a6c0 JavaThread "WorkerExecutor Queue Thread 27" [_thread_blocked, id=37664, stack(0x000000fc03000000,0x000000fc03100000)]
  0x0000028f09e7b160 JavaThread "Java2D Disposer" daemon [_thread_blocked, id=25288, stack(0x000000fc02a00000,0x000000fc02b00000)]
  0x0000028f15184e00 JavaThread "AWT-Windows" daemon [_thread_in_native, id=43060, stack(0x000000fc05400000,0x000000fc05500000)]
  0x0000028f18f5afc0 JavaThread "DefaultDispatcher-worker-1" daemon [_thread_blocked, id=13972, stack(0x000000fc06200000,0x000000fc06300000)]
  0x0000028f18f59530 JavaThread "DefaultDispatcher-worker-2" daemon [_thread_blocked, id=5992, stack(0x000000fc06300000,0x000000fc06400000)]
  0x0000028f18f5b510 JavaThread "DefaultDispatcher-worker-3" daemon [_thread_blocked, id=30332, stack(0x000000fc06400000,0x000000fc06500000)]
  0x0000028f15185df0 JavaThread "DefaultDispatcher-worker-1" daemon [_thread_blocked, id=32876, stack(0x000000fc06500000,0x000000fc06600000)]
  0x0000028f20cacdb0 JavaThread "DefaultDispatcher-worker-2" daemon [_thread_blocked, id=44636, stack(0x000000fc06600000,0x000000fc06700000)]
  0x0000028f20cac860 JavaThread "DefaultDispatcher-worker-3" daemon [_thread_blocked, id=40852, stack(0x000000fc06700000,0x000000fc06800000)]
  0x0000028f20cac310 JavaThread "DefaultDispatcher-worker-4" daemon [_thread_blocked, id=15856, stack(0x000000fc06800000,0x000000fc06900000)]
  0x0000028f0bba5640 JavaThread "DefaultDispatcher-worker-5" daemon [_thread_blocked, id=10256, stack(0x000000fc06900000,0x000000fc06a00000)]
  0x0000028f18f5aa70 JavaThread "DefaultDispatcher-worker-6" daemon [_thread_blocked, id=16268, stack(0x000000fc06a00000,0x000000fc06b00000)]
  0x0000028f0c5549a0 JavaThread "Periodic tasks thread" daemon [_thread_blocked, id=43764, stack(0x000000fc05900000,0x000000fc05a00000)]
  0x0000028f18775070 JavaThread "stderr" [_thread_in_native, id=16432, stack(0x000000fc05a00000,0x000000fc05b00000)]
  0x0000028f187755c0 JavaThread "stdout" [_thread_in_native, id=48352, stack(0x000000fc05b00000,0x000000fc05c00000)]
  0x0000028f20cae2f0 JavaThread "WorkerExecutor Queue Thread 28" [_thread_blocked, id=26072, stack(0x000000fc05e00000,0x000000fc05f00000)]
  0x0000028f18775b10 JavaThread "stderr" [_thread_in_native, id=15548, stack(0x000000fc05f00000,0x000000fc06000000)]
  0x0000028f187745d0 JavaThread "stdout" [_thread_in_native, id=40324, stack(0x000000fc06100000,0x000000fc06200000)]
  0x0000028f20cad850 JavaThread "stderr" [_thread_in_native, id=47480, stack(0x000000fc07800000,0x000000fc07900000)]
  0x0000028f20caadd0 JavaThread "stdout" [_thread_in_native, id=19804, stack(0x000000fc07a00000,0x000000fc07b00000)]
  0x0000028f172b5d10 JavaThread "stderr" [_thread_in_native, id=45004, stack(0x000000fc07d00000,0x000000fc07e00000)]
  0x0000028f172b3290 JavaThread "stdout" [_thread_in_native, id=10576, stack(0x000000fc08b00000,0x000000fc08c00000)]
  0x0000028f172b47d0 JavaThread "stderr" [_thread_in_native, id=27320, stack(0x000000fc08c00000,0x000000fc08d00000)]
  0x0000028f172b6260 JavaThread "stdout" [_thread_in_native, id=47620, stack(0x000000fc08d00000,0x000000fc08e00000)]
  0x0000028f172b57c0 JavaThread "ForkJoinPool.commonPool-worker-12" daemon [_thread_blocked, id=19260, stack(0x000000fc05100000,0x000000fc05200000)]
  0x0000028f0c552f10 JavaThread "ForkJoinPool.commonPool-worker-13" daemon [_thread_blocked, id=20880, stack(0x000000fc03400000,0x000000fc03500000)]
  0x0000028f12fdb290 JavaThread "WorkerExecutor Queue Thread 29" [_thread_blocked, id=47040, stack(0x000000fc07400000,0x000000fc07500000)]
  0x0000028f17825a50 JavaThread "stderr" [_thread_in_native, id=48284, stack(0x000000fc08f00000,0x000000fc09000000)]
  0x0000028f17825fa0 JavaThread "stdout" [_thread_in_native, id=17504, stack(0x000000fc09800000,0x000000fc09900000)]
  0x0000028f18774b20 JavaThread "stderr" [_thread_in_native, id=19968, stack(0x000000fc09900000,0x000000fc09a00000)]
  0x0000028f187b4d40 JavaThread "stdout" [_thread_in_native, id=11196, stack(0x000000fc09a00000,0x000000fc09b00000)]
  0x0000028f1405e020 JavaThread "ForkJoinPool.commonPool-worker-14" daemon [_thread_blocked, id=20300, stack(0x000000fc04800000,0x000000fc04900000)]
  0x0000028f14060000 JavaThread "ForkJoinPool.commonPool-worker-15" daemon [_thread_blocked, id=47692, stack(0x000000fc03200000,0x000000fc03300000)]
  0x0000028f1588e560 JavaThread "WorkerExecutor Queue Thread 30" [_thread_blocked, id=26092, stack(0x000000fc05700000,0x000000fc05800000)]
  0x0000028f23879060 JavaThread "ApplicationImpl pooled thread 2" [_thread_in_native, id=41216, stack(0x000000fc05600000,0x000000fc05700000)]
  0x0000028f14060aa0 JavaThread "WorkerExecutor Queue Thread 31" [_thread_blocked, id=7160, stack(0x000000fc05200000,0x000000fc05300000)]
  0x0000028f2387c580 JavaThread "RMI TCP Connection(idle)" daemon [_thread_blocked, id=7328, stack(0x000000fc03100000,0x000000fc03200000)]
  0x0000028f14246840 JavaThread "C2 CompilerThread1" daemon [_thread_blocked, id=27620, stack(0x000000fc02f00000,0x000000fc03000000)]

Other Threads:
  0x0000028f020c3010 VMThread "VM Thread" [stack: 0x000000fc72300000,0x000000fc72400000] [id=11612]
  0x0000028f0233aa30 WatcherThread "VM Periodic Task Thread" [stack: 0x000000fc73100000,0x000000fc73200000] [id=23108]
  0x0000028f628a1640 WorkerThread "GC Thread#0" [stack: 0x000000fc71e00000,0x000000fc71f00000] [id=2944]
  0x0000028f0238bd10 WorkerThread "GC Thread#1" [stack: 0x000000fc73400000,0x000000fc73500000] [id=21372]
  0x0000028f0238b770 WorkerThread "GC Thread#2" [stack: 0x000000fc73500000,0x000000fc73600000] [id=11640]
  0x0000028f0238c580 WorkerThread "GC Thread#3" [stack: 0x000000fc73600000,0x000000fc73700000] [id=26756]
  0x0000028f0238ba40 WorkerThread "GC Thread#4" [stack: 0x000000fc73700000,0x000000fc73800000] [id=24624]
  0x0000028f0238c850 WorkerThread "GC Thread#5" [stack: 0x000000fc73800000,0x000000fc73900000] [id=42456]
  0x0000028f07f04920 WorkerThread "GC Thread#6" [stack: 0x000000fc74600000,0x000000fc74700000] [id=2792]
  0x0000028f07f05190 WorkerThread "GC Thread#7" [stack: 0x000000fc74800000,0x000000fc74900000] [id=37860]
  0x0000028f07f03b10 WorkerThread "GC Thread#8" [stack: 0x000000fc74900000,0x000000fc74a00000] [id=33644]
  0x0000028f07f02760 WorkerThread "GC Thread#9" [stack: 0x000000fc74a00000,0x000000fc74b00000] [id=35848]
  0x0000028f07f01c20 WorkerThread "GC Thread#10" [stack: 0x000000fc74b00000,0x000000fc74c00000] [id=28220]
  0x0000028f07f02490 WorkerThread "GC Thread#11" [stack: 0x000000fc74c00000,0x000000fc74d00000] [id=34928]
  0x0000028f07f03840 WorkerThread "GC Thread#12" [stack: 0x000000fc74d00000,0x000000fc74e00000] [id=47996]
  0x0000028f628b3500 ConcurrentGCThread "G1 Main Marker" [stack: 0x000000fc71f00000,0x000000fc72000000] [id=48404]
  0x0000028f628b45e0 WorkerThread "G1 Conc#0" [stack: 0x000000fc72000000,0x000000fc72100000] [id=33408]
  0x0000028f07f02a30 WorkerThread "G1 Conc#1" [stack: 0x000000fc74e00000,0x000000fc74f00000] [id=38092]
  0x0000028f07f04380 WorkerThread "G1 Conc#2" [stack: 0x000000fc74f00000,0x000000fc75000000] [id=48080]
  0x0000028f7f43f100 ConcurrentGCThread "G1 Refine#0" [stack: 0x000000fc72100000,0x000000fc72200000] [id=34720]
  0x0000028f139adfd0 ConcurrentGCThread "G1 Refine#1" [stack: 0x000000fc09100000,0x000000fc09200000] [id=15292]
  0x0000028f0ab00320 ConcurrentGCThread "G1 Refine#2" [stack: 0x000000fc03600000,0x000000fc03700000] [id=27316]
  0x0000028f0c745030 ConcurrentGCThread "G1 Refine#3" [stack: 0x000000fc08e00000,0x000000fc08f00000] [id=1876]
  0x0000028f0c7466f0 ConcurrentGCThread "G1 Refine#4" [stack: 0x000000fc09000000,0x000000fc09100000] [id=37516]
  0x0000028f0c743970 ConcurrentGCThread "G1 Refine#5" [stack: 0x000000fc09200000,0x000000fc09300000] [id=32748]
  0x0000028f0c746070 ConcurrentGCThread "G1 Refine#6" [stack: 0x000000fc09300000,0x000000fc09400000] [id=34908]
  0x0000028f0c743ff0 ConcurrentGCThread "G1 Refine#7" [stack: 0x000000fc09400000,0x000000fc09500000] [id=20576]
  0x0000028f0c744330 ConcurrentGCThread "G1 Refine#8" [stack: 0x000000fc09500000,0x000000fc09600000] [id=23096]
  0x0000028f0c742fb0 ConcurrentGCThread "G1 Refine#9" [stack: 0x000000fc09600000,0x000000fc09700000] [id=41992]
  0x0000028f0c7456b0 ConcurrentGCThread "G1 Refine#10" [stack: 0x000000fc09700000,0x000000fc09800000] [id=29564]
  0x0000028f7f441b60 ConcurrentGCThread "G1 Service" [stack: 0x000000fc72200000,0x000000fc72300000] [id=21472]

Threads with active compile tasks:
C2 CompilerThread0  4772911 75651       4       org.jetbrains.kotlin.fir.resolve.transformers.SupertypeComputationSession::breakLoopFor$checkIsInLoop (983 bytes)

VM state: not at safepoint (normal execution)

VM Mutex/Monitor currently owned by a thread: None

Heap address: 0x0000000080000000, size: 2048 MB, Compressed Oops mode: 32-bit

CDS archive(s) mapped at: [0x0000000800000000-0x0000000800c40000-0x0000000800c40000), size 12845056, SharedBaseAddress: 0x0000000800000000, ArchiveRelocationMode: 0.
Compressed class space mapped at: 0x0000000801000000-0x000000081ac00000, reserved size: 432013312
Narrow klass base: 0x0000000800000000, Narrow klass shift: 0, Narrow klass range: 0x100000000

GC Precious Log:
 CardTable entry size: 512
 Card Set container configuration: InlinePtr #cards 5 size 8 Array Of Cards #cards 12 size 40 Howl #buckets 4 coarsen threshold 1843 Howl Bitmap #cards 512 size 80 coarsen threshold 460 Card regions per heap region 1 cards per card region 2048
 CPUs: 16 total, 16 available
 Memory: 16008M
 Large Page Support: Disabled
 NUMA Support: Disabled
 Compressed Oops: Enabled (32-bit)
 Heap Region Size: 1M
 Heap Min Capacity: 8M
 Heap Initial Capacity: 252M
 Heap Max Capacity: 2G
 Pre-touch: Disabled
 Parallel Workers: 13
 Concurrent Workers: 3
 Concurrent Refinement Workers: 13
 Periodic GC: Disabled

Heap:
 garbage-first heap   total 1320960K, used 703878K [0x0000000080000000, 0x0000000100000000)
  region size 1024K, 87 young (89088K), 20 survivors (20480K)
 Metaspace       used 369358K, committed 372288K, reserved 749568K
  class space    used 44460K, committed 45888K, reserved 421888K

Heap Regions: E=young(eden), S=young(survivor), O=old, HS=humongous(starts), HC=humongous(continues), CS=collection set, F=free, OA=open archive, CA=closed archive, TAMS=top-at-mark-start (previous, next)
|   0|0x0000000080000000, 0x0000000080100000, 0x0000000080100000|100%|HS|  |TAMS 0x0000000080100000, 0x0000000080000000| Complete 
|   1|0x0000000080100000, 0x0000000080200000, 0x0000000080200000|100%|HC|  |TAMS 0x0000000080200000, 0x0000000080100000| Complete 
|   2|0x0000000080200000, 0x0000000080300000, 0x0000000080300000|100%|HC|  |TAMS 0x0000000080300000, 0x0000000080200000| Complete 
|   3|0x0000000080300000, 0x0000000080400000, 0x0000000080400000|100%|HC|  |TAMS 0x0000000080400000, 0x0000000080300000| Complete 
|   4|0x0000000080400000, 0x0000000080500000, 0x0000000080500000|100%| O|  |TAMS 0x0000000080500000, 0x0000000080400000| Untracked 
|   5|0x0000000080500000, 0x0000000080600000, 0x0000000080600000|100%| O|  |TAMS 0x0000000080600000, 0x0000000080500000| Untracked 
|   6|0x0000000080600000, 0x0000000080700000, 0x0000000080700000|100%| O|  |TAMS 0x0000000080700000, 0x0000000080600000| Untracked 
|   7|0x0000000080700000, 0x0000000080800000, 0x0000000080800000|100%|HS|  |TAMS 0x0000000080800000, 0x0000000080700000| Complete 
|   8|0x0000000080800000, 0x0000000080900000, 0x0000000080900000|100%| O|  |TAMS 0x0000000080900000, 0x0000000080800000| Untracked 
|   9|0x0000000080900000, 0x0000000080a00000, 0x0000000080a00000|100%| O|  |TAMS 0x0000000080a00000, 0x0000000080900000| Untracked 
|  10|0x0000000080a00000, 0x0000000080b00000, 0x0000000080b00000|100%| O|  |TAMS 0x0000000080b00000, 0x0000000080a00000| Untracked 
|  11|0x0000000080b00000, 0x0000000080c00000, 0x0000000080c00000|100%| O|  |TAMS 0x0000000080c00000, 0x0000000080b00000| Untracked 
|  12|0x0000000080c00000, 0x0000000080d00000, 0x0000000080d00000|100%| O|  |TAMS 0x0000000080d00000, 0x0000000080c00000| Untracked 
|  13|0x0000000080d00000, 0x0000000080e00000, 0x0000000080e00000|100%| O|  |TAMS 0x0000000080e00000, 0x0000000080d00000| Untracked 
|  14|0x0000000080e00000, 0x0000000080f00000, 0x0000000080f00000|100%| O|  |TAMS 0x0000000080f00000, 0x0000000080e00000| Untracked 
|  15|0x0000000080f00000, 0x0000000081000000, 0x0000000081000000|100%| O|  |TAMS 0x0000000081000000, 0x0000000080f00000| Untracked 
|  16|0x0000000081000000, 0x0000000081100000, 0x0000000081100000|100%| O|  |TAMS 0x0000000081100000, 0x0000000081000000| Untracked 
|  17|0x0000000081100000, 0x0000000081200000, 0x0000000081200000|100%| O|  |TAMS 0x0000000081200000, 0x0000000081100000| Untracked 
|  18|0x0000000081200000, 0x0000000081300000, 0x0000000081300000|100%| O|  |TAMS 0x0000000081300000, 0x0000000081200000| Untracked 
|  19|0x0000000081300000, 0x0000000081400000, 0x0000000081400000|100%| O|  |TAMS 0x0000000081400000, 0x0000000081300000| Untracked 
|  20|0x0000000081400000, 0x0000000081500000, 0x0000000081500000|100%| O|  |TAMS 0x0000000081500000, 0x0000000081400000| Untracked 
|  21|0x0000000081500000, 0x0000000081600000, 0x0000000081600000|100%| O|  |TAMS 0x0000000081600000, 0x0000000081500000| Untracked 
|  22|0x0000000081600000, 0x0000000081700000, 0x0000000081700000|100%| O|  |TAMS 0x0000000081700000, 0x0000000081600000| Untracked 
|  23|0x0000000081700000, 0x0000000081800000, 0x0000000081800000|100%| O|  |TAMS 0x0000000081800000, 0x0000000081700000| Untracked 
|  24|0x0000000081800000, 0x0000000081900000, 0x0000000081900000|100%| O|  |TAMS 0x0000000081900000, 0x0000000081800000| Untracked 
|  25|0x0000000081900000, 0x0000000081a00000, 0x0000000081a00000|100%| O|  |TAMS 0x0000000081a00000, 0x0000000081900000| Untracked 
|  26|0x0000000081a00000, 0x0000000081b00000, 0x0000000081b00000|100%| O|  |TAMS 0x0000000081b00000, 0x0000000081a00000| Untracked 
|  27|0x0000000081b00000, 0x0000000081c00000, 0x0000000081c00000|100%| O|  |TAMS 0x0000000081c00000, 0x0000000081b00000| Untracked 
|  28|0x0000000081c00000, 0x0000000081d00000, 0x0000000081d00000|100%| O|  |TAMS 0x0000000081d00000, 0x0000000081c00000| Untracked 
|  29|0x0000000081d00000, 0x0000000081e00000, 0x0000000081e00000|100%| O|  |TAMS 0x0000000081e00000, 0x0000000081d00000| Untracked 
|  30|0x0000000081e00000, 0x0000000081f00000, 0x0000000081f00000|100%| O|  |TAMS 0x0000000081f00000, 0x0000000081e00000| Untracked 
|  31|0x0000000081f00000, 0x0000000082000000, 0x0000000082000000|100%| O|  |TAMS 0x0000000082000000, 0x0000000081f00000| Untracked 
|  32|0x0000000082000000, 0x0000000082100000, 0x0000000082100000|100%| O|  |TAMS 0x0000000082100000, 0x0000000082000000| Untracked 
|  33|0x0000000082100000, 0x0000000082200000, 0x0000000082200000|100%| O|  |TAMS 0x0000000082200000, 0x0000000082100000| Untracked 
|  34|0x0000000082200000, 0x0000000082300000, 0x0000000082300000|100%|HS|  |TAMS 0x0000000082300000, 0x0000000082200000| Complete 
|  35|0x0000000082300000, 0x0000000082400000, 0x0000000082400000|100%|HC|  |TAMS 0x0000000082400000, 0x0000000082300000| Complete 
|  36|0x0000000082400000, 0x0000000082500000, 0x0000000082500000|100%|HC|  |TAMS 0x0000000082500000, 0x0000000082400000| Complete 
|  37|0x0000000082500000, 0x0000000082600000, 0x0000000082600000|100%|HS|  |TAMS 0x0000000082600000, 0x0000000082500000| Complete 
|  38|0x0000000082600000, 0x0000000082700000, 0x0000000082700000|100%|HC|  |TAMS 0x0000000082700000, 0x0000000082600000| Complete 
|  39|0x0000000082700000, 0x0000000082800000, 0x0000000082800000|100%|HC|  |TAMS 0x0000000082800000, 0x0000000082700000| Complete 
|  40|0x0000000082800000, 0x0000000082900000, 0x0000000082900000|100%| O|  |TAMS 0x0000000082900000, 0x0000000082800000| Untracked 
|  41|0x0000000082900000, 0x0000000082a00000, 0x0000000082a00000|100%| O|  |TAMS 0x0000000082a00000, 0x0000000082900000| Untracked 
|  42|0x0000000082a00000, 0x0000000082b00000, 0x0000000082b00000|100%| O|  |TAMS 0x0000000082b00000, 0x0000000082a00000| Untracked 
|  43|0x0000000082b00000, 0x0000000082c00000, 0x0000000082c00000|100%| O|  |TAMS 0x0000000082c00000, 0x0000000082b00000| Untracked 
|  44|0x0000000082c00000, 0x0000000082d00000, 0x0000000082d00000|100%| O|  |TAMS 0x0000000082d00000, 0x0000000082c00000| Untracked 
|  45|0x0000000082d00000, 0x0000000082e00000, 0x0000000082e00000|100%| O|  |TAMS 0x0000000082e00000, 0x0000000082d00000| Untracked 
|  46|0x0000000082e00000, 0x0000000082f00000, 0x0000000082f00000|100%| O|  |TAMS 0x0000000082f00000, 0x0000000082e00000| Untracked 
|  47|0x0000000082f00000, 0x0000000083000000, 0x0000000083000000|100%| O|  |TAMS 0x0000000083000000, 0x0000000082f00000| Untracked 
|  48|0x0000000083000000, 0x0000000083100000, 0x0000000083100000|100%| O|  |TAMS 0x0000000083100000, 0x0000000083000000| Untracked 
|  49|0x0000000083100000, 0x0000000083200000, 0x0000000083200000|100%| O|  |TAMS 0x0000000083200000, 0x0000000083100000| Untracked 
|  50|0x0000000083200000, 0x0000000083300000, 0x0000000083300000|100%| O|  |TAMS 0x0000000083300000, 0x0000000083200000| Untracked 
|  51|0x0000000083300000, 0x0000000083400000, 0x0000000083400000|100%| O|  |TAMS 0x0000000083400000, 0x0000000083300000| Untracked 
|  52|0x0000000083400000, 0x0000000083500000, 0x0000000083500000|100%| O|  |TAMS 0x0000000083500000, 0x0000000083400000| Untracked 
|  53|0x0000000083500000, 0x0000000083600000, 0x0000000083600000|100%| O|  |TAMS 0x0000000083600000, 0x0000000083500000| Untracked 
|  54|0x0000000083600000, 0x0000000083700000, 0x0000000083700000|100%| O|  |TAMS 0x0000000083700000, 0x0000000083600000| Untracked 
|  55|0x0000000083700000, 0x0000000083800000, 0x0000000083800000|100%| O|  |TAMS 0x0000000083800000, 0x0000000083700000| Untracked 
|  56|0x0000000083800000, 0x0000000083900000, 0x0000000083900000|100%| O|  |TAMS 0x0000000083900000, 0x0000000083800000| Untracked 
|  57|0x0000000083900000, 0x0000000083a00000, 0x0000000083a00000|100%| O|  |TAMS 0x0000000083a00000, 0x0000000083900000| Untracked 
|  58|0x0000000083a00000, 0x0000000083b00000, 0x0000000083b00000|100%| O|  |TAMS 0x0000000083b00000, 0x0000000083a00000| Untracked 
|  59|0x0000000083b00000, 0x0000000083c00000, 0x0000000083c00000|100%| O|  |TAMS 0x0000000083c00000, 0x0000000083b00000| Untracked 
|  60|0x0000000083c00000, 0x0000000083d00000, 0x0000000083d00000|100%| O|  |TAMS 0x0000000083d00000, 0x0000000083c00000| Untracked 
|  61|0x0000000083d00000, 0x0000000083e00000, 0x0000000083e00000|100%| O|  |TAMS 0x0000000083e00000, 0x0000000083d00000| Untracked 
|  62|0x0000000083e00000, 0x0000000083f00000, 0x0000000083f00000|100%| O|  |TAMS 0x0000000083f00000, 0x0000000083e00000| Untracked 
|  63|0x0000000083f00000, 0x0000000084000000, 0x0000000084000000|100%| O|  |TAMS 0x0000000084000000, 0x0000000083f00000| Untracked 
|  64|0x0000000084000000, 0x0000000084100000, 0x0000000084100000|100%|HS|  |TAMS 0x0000000084100000, 0x0000000084000000| Complete 
|  65|0x0000000084100000, 0x0000000084200000, 0x0000000084200000|100%| O|  |TAMS 0x0000000084200000, 0x0000000084100000| Untracked 
|  66|0x0000000084200000, 0x0000000084300000, 0x0000000084300000|100%| O|  |TAMS 0x0000000084300000, 0x0000000084200000| Untracked 
|  67|0x0000000084300000, 0x0000000084400000, 0x0000000084400000|100%|HS|  |TAMS 0x0000000084400000, 0x0000000084300000| Complete 
|  68|0x0000000084400000, 0x0000000084500000, 0x0000000084500000|100%| O|  |TAMS 0x0000000084500000, 0x0000000084400000| Untracked 
|  69|0x0000000084500000, 0x0000000084600000, 0x0000000084600000|100%| O|  |TAMS 0x0000000084600000, 0x0000000084500000| Untracked 
|  70|0x0000000084600000, 0x0000000084700000, 0x0000000084700000|100%| O|  |TAMS 0x0000000084700000, 0x0000000084600000| Untracked 
|  71|0x0000000084700000, 0x0000000084800000, 0x0000000084800000|100%| O|  |TAMS 0x0000000084800000, 0x0000000084700000| Untracked 
|  72|0x0000000084800000, 0x0000000084900000, 0x0000000084900000|100%| O|  |TAMS 0x0000000084900000, 0x0000000084800000| Untracked 
|  73|0x0000000084900000, 0x0000000084a00000, 0x0000000084a00000|100%| O|  |TAMS 0x0000000084a00000, 0x0000000084900000| Untracked 
|  74|0x0000000084a00000, 0x0000000084b00000, 0x0000000084b00000|100%| O|  |TAMS 0x0000000084b00000, 0x0000000084a00000| Untracked 
|  75|0x0000000084b00000, 0x0000000084c00000, 0x0000000084c00000|100%| O|  |TAMS 0x0000000084c00000, 0x0000000084b00000| Untracked 
|  76|0x0000000084c00000, 0x0000000084d00000, 0x0000000084d00000|100%| O|  |TAMS 0x0000000084d00000, 0x0000000084c00000| Untracked 
|  77|0x0000000084d00000, 0x0000000084e00000, 0x0000000084e00000|100%| O|  |TAMS 0x0000000084e00000, 0x0000000084d00000| Untracked 
|  78|0x0000000084e00000, 0x0000000084f00000, 0x0000000084f00000|100%| O|  |TAMS 0x0000000084f00000, 0x0000000084e00000| Untracked 
|  79|0x0000000084f00000, 0x0000000085000000, 0x0000000085000000|100%|HS|  |TAMS 0x0000000085000000, 0x0000000084f00000| Complete 
|  80|0x0000000085000000, 0x0000000085100000, 0x0000000085100000|100%|HS|  |TAMS 0x0000000085100000, 0x0000000085000000| Complete 
|  81|0x0000000085100000, 0x0000000085200000, 0x0000000085200000|100%| O|  |TAMS 0x0000000085200000, 0x0000000085100000| Untracked 
|  82|0x0000000085200000, 0x0000000085300000, 0x0000000085300000|100%| O|  |TAMS 0x0000000085300000, 0x0000000085200000| Untracked 
|  83|0x0000000085300000, 0x0000000085400000, 0x0000000085400000|100%|HS|  |TAMS 0x0000000085400000, 0x0000000085300000| Complete 
|  84|0x0000000085400000, 0x0000000085500000, 0x0000000085500000|100%| O|  |TAMS 0x0000000085500000, 0x0000000085400000| Untracked 
|  85|0x0000000085500000, 0x0000000085600000, 0x0000000085600000|100%|HS|  |TAMS 0x0000000085600000, 0x0000000085500000| Complete 
|  86|0x0000000085600000, 0x0000000085700000, 0x0000000085700000|100%|HS|  |TAMS 0x0000000085700000, 0x0000000085600000| Complete 
|  87|0x0000000085700000, 0x0000000085800000, 0x0000000085800000|100%|HS|  |TAMS 0x0000000085800000, 0x0000000085700000| Complete 
|  88|0x0000000085800000, 0x0000000085900000, 0x0000000085900000|100%|HS|  |TAMS 0x0000000085900000, 0x0000000085800000| Complete 
|  89|0x0000000085900000, 0x0000000085a00000, 0x0000000085a00000|100%|HS|  |TAMS 0x0000000085a00000, 0x0000000085900000| Complete 
|  90|0x0000000085a00000, 0x0000000085b00000, 0x0000000085b00000|100%|HS|  |TAMS 0x0000000085b00000, 0x0000000085a00000| Complete 
|  91|0x0000000085b00000, 0x0000000085c00000, 0x0000000085c00000|100%| O|  |TAMS 0x0000000085c00000, 0x0000000085b00000| Untracked 
|  92|0x0000000085c00000, 0x0000000085d00000, 0x0000000085d00000|100%| O|  |TAMS 0x0000000085d00000, 0x0000000085c00000| Untracked 
|  93|0x0000000085d00000, 0x0000000085e00000, 0x0000000085e00000|100%| O|  |TAMS 0x0000000085e00000, 0x0000000085d00000| Untracked 
|  94|0x0000000085e00000, 0x0000000085f00000, 0x0000000085f00000|100%| O|  |TAMS 0x0000000085f00000, 0x0000000085e00000| Untracked 
|  95|0x0000000085f00000, 0x0000000086000000, 0x0000000086000000|100%| O|  |TAMS 0x0000000086000000, 0x0000000085f00000| Untracked 
|  96|0x0000000086000000, 0x0000000086100000, 0x0000000086100000|100%| O|  |TAMS 0x0000000086100000, 0x0000000086000000| Untracked 
|  97|0x0000000086100000, 0x0000000086200000, 0x0000000086200000|100%| O|  |TAMS 0x0000000086200000, 0x0000000086100000| Untracked 
|  98|0x0000000086200000, 0x0000000086300000, 0x0000000086300000|100%| O|  |TAMS 0x0000000086300000, 0x0000000086200000| Untracked 
|  99|0x0000000086300000, 0x0000000086400000, 0x0000000086400000|100%| O|  |TAMS 0x0000000086400000, 0x0000000086300000| Untracked 
| 100|0x0000000086400000, 0x0000000086500000, 0x0000000086500000|100%| O|  |TAMS 0x0000000086500000, 0x0000000086400000| Untracked 
| 101|0x0000000086500000, 0x0000000086600000, 0x0000000086600000|100%| O|  |TAMS 0x0000000086600000, 0x0000000086500000| Untracked 
| 102|0x0000000086600000, 0x0000000086700000, 0x0000000086700000|100%|HS|  |TAMS 0x0000000086700000, 0x0000000086600000| Complete 
| 103|0x0000000086700000, 0x0000000086800000, 0x0000000086800000|100%| O|  |TAMS 0x0000000086800000, 0x0000000086700000| Untracked 
| 104|0x0000000086800000, 0x0000000086900000, 0x0000000086900000|100%| O|  |TAMS 0x0000000086900000, 0x0000000086800000| Untracked 
| 105|0x0000000086900000, 0x0000000086a00000, 0x0000000086a00000|100%| O|  |TAMS 0x0000000086a00000, 0x0000000086900000| Untracked 
| 106|0x0000000086a00000, 0x0000000086b00000, 0x0000000086b00000|100%|HS|  |TAMS 0x0000000086b00000, 0x0000000086a00000| Complete 
| 107|0x0000000086b00000, 0x0000000086c00000, 0x0000000086c00000|100%|HC|  |TAMS 0x0000000086c00000, 0x0000000086b00000| Complete 
| 108|0x0000000086c00000, 0x0000000086d00000, 0x0000000086d00000|100%|HC|  |TAMS 0x0000000086d00000, 0x0000000086c00000| Complete 
| 109|0x0000000086d00000, 0x0000000086e00000, 0x0000000086e00000|100%| O|  |TAMS 0x0000000086e00000, 0x0000000086d00000| Untracked 
| 110|0x0000000086e00000, 0x0000000086f00000, 0x0000000086f00000|100%| O|  |TAMS 0x0000000086f00000, 0x0000000086e00000| Untracked 
| 111|0x0000000086f00000, 0x0000000087000000, 0x0000000087000000|100%| O|  |TAMS 0x0000000087000000, 0x0000000086f00000| Untracked 
| 112|0x0000000087000000, 0x0000000087100000, 0x0000000087100000|100%| O|  |TAMS 0x0000000087100000, 0x0000000087000000| Untracked 
| 113|0x0000000087100000, 0x0000000087200000, 0x0000000087200000|100%| O|  |TAMS 0x0000000087200000, 0x0000000087100000| Untracked 
| 114|0x0000000087200000, 0x0000000087300000, 0x0000000087300000|100%| O|  |TAMS 0x0000000087300000, 0x0000000087200000| Untracked 
| 115|0x0000000087300000, 0x0000000087400000, 0x0000000087400000|100%| O|  |TAMS 0x0000000087400000, 0x0000000087300000| Untracked 
| 116|0x0000000087400000, 0x0000000087500000, 0x0000000087500000|100%| O|  |TAMS 0x0000000087500000, 0x0000000087400000| Untracked 
| 117|0x0000000087500000, 0x0000000087600000, 0x0000000087600000|100%| O|  |TAMS 0x0000000087600000, 0x0000000087500000| Untracked 
| 118|0x0000000087600000, 0x0000000087700000, 0x0000000087700000|100%| O|  |TAMS 0x0000000087700000, 0x0000000087600000| Untracked 
| 119|0x0000000087700000, 0x0000000087800000, 0x0000000087800000|100%| O|  |TAMS 0x0000000087800000, 0x0000000087700000| Untracked 
| 120|0x0000000087800000, 0x0000000087900000, 0x0000000087900000|100%| O|  |TAMS 0x0000000087900000, 0x0000000087800000| Untracked 
| 121|0x0000000087900000, 0x0000000087a00000, 0x0000000087a00000|100%| O|  |TAMS 0x0000000087a00000, 0x0000000087900000| Untracked 
| 122|0x0000000087a00000, 0x0000000087b00000, 0x0000000087b00000|100%| O|  |TAMS 0x0000000087b00000, 0x0000000087a00000| Untracked 
| 123|0x0000000087b00000, 0x0000000087c00000, 0x0000000087c00000|100%| O|  |TAMS 0x0000000087c00000, 0x0000000087b00000| Untracked 
| 124|0x0000000087c00000, 0x0000000087d00000, 0x0000000087d00000|100%| O|  |TAMS 0x0000000087d00000, 0x0000000087c00000| Untracked 
| 125|0x0000000087d00000, 0x0000000087e00000, 0x0000000087e00000|100%| O|  |TAMS 0x0000000087e00000, 0x0000000087d00000| Untracked 
| 126|0x0000000087e00000, 0x0000000087f00000, 0x0000000087f00000|100%| O|  |TAMS 0x0000000087f00000, 0x0000000087e00000| Untracked 
| 127|0x0000000087f00000, 0x0000000088000000, 0x0000000088000000|100%| O|  |TAMS 0x0000000088000000, 0x0000000087f00000| Untracked 
| 128|0x0000000088000000, 0x0000000088100000, 0x0000000088100000|100%| O|  |TAMS 0x0000000088100000, 0x0000000088000000| Untracked 
| 129|0x0000000088100000, 0x0000000088200000, 0x0000000088200000|100%| O|  |TAMS 0x0000000088200000, 0x0000000088100000| Complete 
| 130|0x0000000088200000, 0x0000000088300000, 0x0000000088300000|100%| O|  |TAMS 0x0000000088300000, 0x0000000088200000| Untracked 
| 131|0x0000000088300000, 0x0000000088400000, 0x0000000088400000|100%| O|  |TAMS 0x0000000088400000, 0x0000000088300000| Untracked 
| 132|0x0000000088400000, 0x0000000088500000, 0x0000000088500000|100%| O|  |TAMS 0x0000000088500000, 0x0000000088400000| Untracked 
| 133|0x0000000088500000, 0x0000000088600000, 0x0000000088600000|100%| O|  |TAMS 0x0000000088600000, 0x0000000088500000| Untracked 
| 134|0x0000000088600000, 0x0000000088700000, 0x0000000088700000|100%| O|  |TAMS 0x0000000088700000, 0x0000000088600000| Untracked 
| 135|0x0000000088700000, 0x0000000088800000, 0x0000000088800000|100%| O|  |TAMS 0x0000000088800000, 0x0000000088700000| Untracked 
| 136|0x0000000088800000, 0x0000000088900000, 0x0000000088900000|100%| O|  |TAMS 0x0000000088900000, 0x0000000088800000| Untracked 
| 137|0x0000000088900000, 0x0000000088a00000, 0x0000000088a00000|100%| O|  |TAMS 0x0000000088a00000, 0x0000000088900000| Untracked 
| 138|0x0000000088a00000, 0x0000000088b00000, 0x0000000088b00000|100%| O|  |TAMS 0x0000000088b00000, 0x0000000088a00000| Untracked 
| 139|0x0000000088b00000, 0x0000000088c00000, 0x0000000088c00000|100%| O|  |TAMS 0x0000000088c00000, 0x0000000088b00000| Untracked 
| 140|0x0000000088c00000, 0x0000000088d00000, 0x0000000088d00000|100%| O|  |TAMS 0x0000000088d00000, 0x0000000088c00000| Untracked 
| 141|0x0000000088d00000, 0x0000000088e00000, 0x0000000088e00000|100%| O|  |TAMS 0x0000000088e00000, 0x0000000088d00000| Untracked 
| 142|0x0000000088e00000, 0x0000000088f00000, 0x0000000088f00000|100%| O|  |TAMS 0x0000000088f00000, 0x0000000088e00000| Untracked 
| 143|0x0000000088f00000, 0x0000000089000000, 0x0000000089000000|100%| O|  |TAMS 0x0000000089000000, 0x0000000088f00000| Untracked 
| 144|0x0000000089000000, 0x0000000089100000, 0x0000000089100000|100%| O|  |TAMS 0x0000000089100000, 0x0000000089000000| Untracked 
| 145|0x0000000089100000, 0x0000000089200000, 0x0000000089200000|100%| O|  |TAMS 0x0000000089200000, 0x0000000089100000| Untracked 
| 146|0x0000000089200000, 0x0000000089300000, 0x0000000089300000|100%| O|  |TAMS 0x0000000089300000, 0x0000000089200000| Untracked 
| 147|0x0000000089300000, 0x0000000089400000, 0x0000000089400000|100%| O|  |TAMS 0x0000000089400000, 0x0000000089300000| Untracked 
| 148|0x0000000089400000, 0x0000000089500000, 0x0000000089500000|100%| O|  |TAMS 0x0000000089500000, 0x0000000089400000| Untracked 
| 149|0x0000000089500000, 0x0000000089600000, 0x0000000089600000|100%| O|  |TAMS 0x0000000089600000, 0x0000000089500000| Untracked 
| 150|0x0000000089600000, 0x0000000089700000, 0x0000000089700000|100%|HS|  |TAMS 0x0000000089700000, 0x0000000089600000| Complete 
| 151|0x0000000089700000, 0x0000000089800000, 0x0000000089800000|100%|HC|  |TAMS 0x0000000089800000, 0x0000000089700000| Complete 
| 152|0x0000000089800000, 0x0000000089900000, 0x0000000089900000|100%|HC|  |TAMS 0x0000000089900000, 0x0000000089800000| Complete 
| 153|0x0000000089900000, 0x0000000089a00000, 0x0000000089a00000|100%|HS|  |TAMS 0x0000000089a00000, 0x0000000089900000| Complete 
| 154|0x0000000089a00000, 0x0000000089b00000, 0x0000000089b00000|100%|HC|  |TAMS 0x0000000089b00000, 0x0000000089a00000| Complete 
| 155|0x0000000089b00000, 0x0000000089c00000, 0x0000000089c00000|100%| O|  |TAMS 0x0000000089c00000, 0x0000000089b00000| Untracked 
| 156|0x0000000089c00000, 0x0000000089d00000, 0x0000000089d00000|100%| O|  |TAMS 0x0000000089d00000, 0x0000000089c00000| Untracked 
| 157|0x0000000089d00000, 0x0000000089e00000, 0x0000000089e00000|100%| O|  |TAMS 0x0000000089e00000, 0x0000000089d00000| Untracked 
| 158|0x0000000089e00000, 0x0000000089f00000, 0x0000000089f00000|100%| O|  |TAMS 0x0000000089f00000, 0x0000000089e00000| Untracked 
| 159|0x0000000089f00000, 0x000000008a000000, 0x000000008a000000|100%| O|  |TAMS 0x000000008a000000, 0x0000000089f00000| Untracked 
| 160|0x000000008a000000, 0x000000008a100000, 0x000000008a100000|100%| O|  |TAMS 0x000000008a100000, 0x000000008a000000| Untracked 
| 161|0x000000008a100000, 0x000000008a200000, 0x000000008a200000|100%| O|  |TAMS 0x000000008a200000, 0x000000008a100000| Untracked 
| 162|0x000000008a200000, 0x000000008a300000, 0x000000008a300000|100%| O|  |TAMS 0x000000008a300000, 0x000000008a200000| Untracked 
| 163|0x000000008a300000, 0x000000008a400000, 0x000000008a400000|100%| O|  |TAMS 0x000000008a400000, 0x000000008a300000| Complete 
| 164|0x000000008a400000, 0x000000008a500000, 0x000000008a500000|100%| O|  |TAMS 0x000000008a500000, 0x000000008a400000| Untracked 
| 165|0x000000008a500000, 0x000000008a600000, 0x000000008a600000|100%| O|  |TAMS 0x000000008a600000, 0x000000008a500000| Untracked 
| 166|0x000000008a600000, 0x000000008a700000, 0x000000008a700000|100%| O|  |TAMS 0x000000008a700000, 0x000000008a600000| Untracked 
| 167|0x000000008a700000, 0x000000008a800000, 0x000000008a800000|100%| O|  |TAMS 0x000000008a800000, 0x000000008a700000| Untracked 
| 168|0x000000008a800000, 0x000000008a900000, 0x000000008a900000|100%| O|  |TAMS 0x000000008a900000, 0x000000008a800000| Untracked 
| 169|0x000000008a900000, 0x000000008aa00000, 0x000000008aa00000|100%| O|  |TAMS 0x000000008aa00000, 0x000000008a900000| Untracked 
| 170|0x000000008aa00000, 0x000000008ab00000, 0x000000008ab00000|100%| O|  |TAMS 0x000000008ab00000, 0x000000008aa00000| Untracked 
| 171|0x000000008ab00000, 0x000000008ac00000, 0x000000008ac00000|100%| O|  |TAMS 0x000000008ac00000, 0x000000008ab00000| Untracked 
| 172|0x000000008ac00000, 0x000000008ad00000, 0x000000008ad00000|100%| O|  |TAMS 0x000000008ad00000, 0x000000008ac00000| Untracked 
| 173|0x000000008ad00000, 0x000000008ae00000, 0x000000008ae00000|100%| O|  |TAMS 0x000000008ae00000, 0x000000008ad00000| Untracked 
| 174|0x000000008ae00000, 0x000000008af00000, 0x000000008af00000|100%| O|  |TAMS 0x000000008af00000, 0x000000008ae00000| Untracked 
| 175|0x000000008af00000, 0x000000008b000000, 0x000000008b000000|100%| O|  |TAMS 0x000000008b000000, 0x000000008af00000| Untracked 
| 176|0x000000008b000000, 0x000000008b100000, 0x000000008b100000|100%| O|  |TAMS 0x000000008b100000, 0x000000008b000000| Untracked 
| 177|0x000000008b100000, 0x000000008b200000, 0x000000008b200000|100%|HS|  |TAMS 0x000000008b200000, 0x000000008b100000| Complete 
| 178|0x000000008b200000, 0x000000008b300000, 0x000000008b300000|100%|HS|  |TAMS 0x000000008b300000, 0x000000008b200000| Complete 
| 179|0x000000008b300000, 0x000000008b400000, 0x000000008b400000|100%| O|  |TAMS 0x000000008b400000, 0x000000008b300000| Untracked 
| 180|0x000000008b400000, 0x000000008b500000, 0x000000008b500000|100%| O|  |TAMS 0x000000008b500000, 0x000000008b400000| Untracked 
| 181|0x000000008b500000, 0x000000008b600000, 0x000000008b600000|100%| O|  |TAMS 0x000000008b600000, 0x000000008b500000| Untracked 
| 182|0x000000008b600000, 0x000000008b700000, 0x000000008b700000|100%|HS|  |TAMS 0x000000008b700000, 0x000000008b600000| Complete 
| 183|0x000000008b700000, 0x000000008b800000, 0x000000008b800000|100%|HC|  |TAMS 0x000000008b800000, 0x000000008b700000| Complete 
| 184|0x000000008b800000, 0x000000008b900000, 0x000000008b900000|100%| O|  |TAMS 0x000000008b900000, 0x000000008b800000| Untracked 
| 185|0x000000008b900000, 0x000000008ba00000, 0x000000008ba00000|100%| O|  |TAMS 0x000000008ba00000, 0x000000008b900000| Untracked 
| 186|0x000000008ba00000, 0x000000008bb00000, 0x000000008bb00000|100%| O|  |TAMS 0x000000008bb00000, 0x000000008ba00000| Untracked 
| 187|0x000000008bb00000, 0x000000008bc00000, 0x000000008bc00000|100%| O|  |TAMS 0x000000008bc00000, 0x000000008bb00000| Untracked 
| 188|0x000000008bc00000, 0x000000008bd00000, 0x000000008bd00000|100%| O|  |TAMS 0x000000008bd00000, 0x000000008bc00000| Untracked 
| 189|0x000000008bd00000, 0x000000008be00000, 0x000000008be00000|100%| O|  |TAMS 0x000000008be00000, 0x000000008bd00000| Untracked 
| 190|0x000000008be00000, 0x000000008bf00000, 0x000000008bf00000|100%| O|  |TAMS 0x000000008bf00000, 0x000000008be00000| Untracked 
| 191|0x000000008bf00000, 0x000000008c000000, 0x000000008c000000|100%| O|  |TAMS 0x000000008c000000, 0x000000008bf00000| Untracked 
| 192|0x000000008c000000, 0x000000008c100000, 0x000000008c100000|100%| O|  |TAMS 0x000000008c100000, 0x000000008c000000| Untracked 
| 193|0x000000008c100000, 0x000000008c200000, 0x000000008c200000|100%| O|  |TAMS 0x000000008c200000, 0x000000008c100000| Untracked 
| 194|0x000000008c200000, 0x000000008c300000, 0x000000008c300000|100%| O|  |TAMS 0x000000008c300000, 0x000000008c200000| Untracked 
| 195|0x000000008c300000, 0x000000008c400000, 0x000000008c400000|100%| O|  |TAMS 0x000000008c400000, 0x000000008c300000| Untracked 
| 196|0x000000008c400000, 0x000000008c500000, 0x000000008c500000|100%| O|  |TAMS 0x000000008c500000, 0x000000008c400000| Untracked 
| 197|0x000000008c500000, 0x000000008c600000, 0x000000008c600000|100%| O|  |TAMS 0x000000008c600000, 0x000000008c500000| Untracked 
| 198|0x000000008c600000, 0x000000008c700000, 0x000000008c700000|100%| O|  |TAMS 0x000000008c700000, 0x000000008c600000| Untracked 
| 199|0x000000008c700000, 0x000000008c800000, 0x000000008c800000|100%| O|  |TAMS 0x000000008c800000, 0x000000008c700000| Untracked 
| 200|0x000000008c800000, 0x000000008c900000, 0x000000008c900000|100%| O|  |TAMS 0x000000008c900000, 0x000000008c800000| Untracked 
| 201|0x000000008c900000, 0x000000008ca00000, 0x000000008ca00000|100%| O|  |TAMS 0x000000008ca00000, 0x000000008c900000| Untracked 
| 202|0x000000008ca00000, 0x000000008cb00000, 0x000000008cb00000|100%| O|  |TAMS 0x000000008cb00000, 0x000000008ca00000| Untracked 
| 203|0x000000008cb00000, 0x000000008cc00000, 0x000000008cc00000|100%| O|  |TAMS 0x000000008cc00000, 0x000000008cb00000| Untracked 
| 204|0x000000008cc00000, 0x000000008cd00000, 0x000000008cd00000|100%| O|  |TAMS 0x000000008cd00000, 0x000000008cc00000| Untracked 
| 205|0x000000008cd00000, 0x000000008ce00000, 0x000000008ce00000|100%| O|  |TAMS 0x000000008ce00000, 0x000000008cd00000| Untracked 
| 206|0x000000008ce00000, 0x000000008cf00000, 0x000000008cf00000|100%|HS|  |TAMS 0x000000008cf00000, 0x000000008ce00000| Complete 
| 207|0x000000008cf00000, 0x000000008d000000, 0x000000008d000000|100%|HC|  |TAMS 0x000000008d000000, 0x000000008cf00000| Complete 
| 208|0x000000008d000000, 0x000000008d100000, 0x000000008d100000|100%|HC|  |TAMS 0x000000008d100000, 0x000000008d000000| Complete 
| 209|0x000000008d100000, 0x000000008d200000, 0x000000008d200000|100%| O|  |TAMS 0x000000008d200000, 0x000000008d100000| Untracked 
| 210|0x000000008d200000, 0x000000008d300000, 0x000000008d300000|100%| O|  |TAMS 0x000000008d300000, 0x000000008d200000| Untracked 
| 211|0x000000008d300000, 0x000000008d400000, 0x000000008d400000|100%| O|  |TAMS 0x000000008d400000, 0x000000008d300000| Complete 
| 212|0x000000008d400000, 0x000000008d500000, 0x000000008d500000|100%| O|  |TAMS 0x000000008d500000, 0x000000008d400000| Untracked 
| 213|0x000000008d500000, 0x000000008d600000, 0x000000008d600000|100%| O|  |TAMS 0x000000008d600000, 0x000000008d500000| Untracked 
| 214|0x000000008d600000, 0x000000008d700000, 0x000000008d700000|100%|HS|  |TAMS 0x000000008d700000, 0x000000008d600000| Complete 
| 215|0x000000008d700000, 0x000000008d800000, 0x000000008d800000|100%|HS|  |TAMS 0x000000008d800000, 0x000000008d700000| Complete 
| 216|0x000000008d800000, 0x000000008d900000, 0x000000008d900000|100%| O|  |TAMS 0x000000008d900000, 0x000000008d800000| Untracked 
| 217|0x000000008d900000, 0x000000008da00000, 0x000000008da00000|100%| O|  |TAMS 0x000000008da00000, 0x000000008d900000| Untracked 
| 218|0x000000008da00000, 0x000000008db00000, 0x000000008db00000|100%| O|  |TAMS 0x000000008db00000, 0x000000008da00000| Untracked 
| 219|0x000000008db00000, 0x000000008dc00000, 0x000000008dc00000|100%| O|  |TAMS 0x000000008dc00000, 0x000000008db00000| Untracked 
| 220|0x000000008dc00000, 0x000000008dd00000, 0x000000008dd00000|100%| O|  |TAMS 0x000000008dd00000, 0x000000008dc00000| Untracked 
| 221|0x000000008dd00000, 0x000000008de00000, 0x000000008de00000|100%| O|  |TAMS 0x000000008de00000, 0x000000008dd00000| Untracked 
| 222|0x000000008de00000, 0x000000008df00000, 0x000000008df00000|100%| O|  |TAMS 0x000000008df00000, 0x000000008de00000| Untracked 
| 223|0x000000008df00000, 0x000000008e000000, 0x000000008e000000|100%| O|  |TAMS 0x000000008e000000, 0x000000008df00000| Untracked 
| 224|0x000000008e000000, 0x000000008e100000, 0x000000008e100000|100%| O|  |TAMS 0x000000008e100000, 0x000000008e000000| Untracked 
| 225|0x000000008e100000, 0x000000008e200000, 0x000000008e200000|100%| O|  |TAMS 0x000000008e200000, 0x000000008e100000| Untracked 
| 226|0x000000008e200000, 0x000000008e300000, 0x000000008e300000|100%| O|  |TAMS 0x000000008e300000, 0x000000008e200000| Untracked 
| 227|0x000000008e300000, 0x000000008e400000, 0x000000008e400000|100%| O|  |TAMS 0x000000008e400000, 0x000000008e300000| Untracked 
| 228|0x000000008e400000, 0x000000008e500000, 0x000000008e500000|100%| O|  |TAMS 0x000000008e500000, 0x000000008e400000| Untracked 
| 229|0x000000008e500000, 0x000000008e600000, 0x000000008e600000|100%| O|  |TAMS 0x000000008e600000, 0x000000008e500000| Untracked 
| 230|0x000000008e600000, 0x000000008e700000, 0x000000008e700000|100%| O|  |TAMS 0x000000008e700000, 0x000000008e600000| Untracked 
| 231|0x000000008e700000, 0x000000008e800000, 0x000000008e800000|100%| O|  |TAMS 0x000000008e800000, 0x000000008e700000| Untracked 
| 232|0x000000008e800000, 0x000000008e900000, 0x000000008e900000|100%| O|  |TAMS 0x000000008e900000, 0x000000008e800000| Untracked 
| 233|0x000000008e900000, 0x000000008ea00000, 0x000000008ea00000|100%| O|  |TAMS 0x000000008ea00000, 0x000000008e900000| Untracked 
| 234|0x000000008ea00000, 0x000000008eb00000, 0x000000008eb00000|100%| O|  |TAMS 0x000000008eb00000, 0x000000008ea00000| Untracked 
| 235|0x000000008eb00000, 0x000000008ec00000, 0x000000008ec00000|100%| O|  |TAMS 0x000000008ec00000, 0x000000008eb00000| Untracked 
| 236|0x000000008ec00000, 0x000000008ed00000, 0x000000008ed00000|100%| O|  |TAMS 0x000000008ed00000, 0x000000008ec00000| Untracked 
| 237|0x000000008ed00000, 0x000000008ee00000, 0x000000008ee00000|100%| O|  |TAMS 0x000000008ee00000, 0x000000008ed00000| Untracked 
| 238|0x000000008ee00000, 0x000000008ef00000, 0x000000008ef00000|100%| O|  |TAMS 0x000000008ef00000, 0x000000008ee00000| Untracked 
| 239|0x000000008ef00000, 0x000000008f000000, 0x000000008f000000|100%| O|  |TAMS 0x000000008f000000, 0x000000008ef00000| Untracked 
| 240|0x000000008f000000, 0x000000008f100000, 0x000000008f100000|100%| O|  |TAMS 0x000000008f100000, 0x000000008f000000| Untracked 
| 241|0x000000008f100000, 0x000000008f200000, 0x000000008f200000|100%| O|  |TAMS 0x000000008f200000, 0x000000008f100000| Untracked 
| 242|0x000000008f200000, 0x000000008f300000, 0x000000008f300000|100%| O|  |TAMS 0x000000008f300000, 0x000000008f200000| Untracked 
| 243|0x000000008f300000, 0x000000008f400000, 0x000000008f400000|100%| O|  |TAMS 0x000000008f400000, 0x000000008f300000| Untracked 
| 244|0x000000008f400000, 0x000000008f500000, 0x000000008f500000|100%| O|  |TAMS 0x000000008f500000, 0x000000008f400000| Untracked 
| 245|0x000000008f500000, 0x000000008f600000, 0x000000008f600000|100%| O|  |TAMS 0x000000008f600000, 0x000000008f500000| Untracked 
| 246|0x000000008f600000, 0x000000008f700000, 0x000000008f700000|100%| O|  |TAMS 0x000000008f700000, 0x000000008f600000| Untracked 
| 247|0x000000008f700000, 0x000000008f800000, 0x000000008f800000|100%| O|  |TAMS 0x000000008f800000, 0x000000008f700000| Untracked 
| 248|0x000000008f800000, 0x000000008f900000, 0x000000008f900000|100%| O|  |TAMS 0x000000008f900000, 0x000000008f800000| Untracked 
| 249|0x000000008f900000, 0x000000008fa00000, 0x000000008fa00000|100%| O|  |TAMS 0x000000008fa00000, 0x000000008f900000| Untracked 
| 250|0x000000008fa00000, 0x000000008fb00000, 0x000000008fb00000|100%| O|  |TAMS 0x000000008fb00000, 0x000000008fa00000| Untracked 
| 251|0x000000008fb00000, 0x000000008fc00000, 0x000000008fc00000|100%| O|  |TAMS 0x000000008fc00000, 0x000000008fb00000| Untracked 
| 252|0x000000008fc00000, 0x000000008fd00000, 0x000000008fd00000|100%| O|  |TAMS 0x000000008fd00000, 0x000000008fc00000| Untracked 
| 253|0x000000008fd00000, 0x000000008fe00000, 0x000000008fe00000|100%| O|  |TAMS 0x000000008fe00000, 0x000000008fd00000| Untracked 
| 254|0x000000008fe00000, 0x000000008ff00000, 0x000000008ff00000|100%| O|  |TAMS 0x000000008ff00000, 0x000000008fe00000| Untracked 
| 255|0x000000008ff00000, 0x0000000090000000, 0x0000000090000000|100%|HS|  |TAMS 0x0000000090000000, 0x000000008ff00000| Complete 
| 256|0x0000000090000000, 0x0000000090100000, 0x0000000090100000|100%| O|  |TAMS 0x0000000090100000, 0x0000000090000000| Untracked 
| 257|0x0000000090100000, 0x0000000090200000, 0x0000000090200000|100%| O|  |TAMS 0x0000000090200000, 0x0000000090100000| Untracked 
| 258|0x0000000090200000, 0x0000000090300000, 0x0000000090300000|100%| O|  |TAMS 0x0000000090300000, 0x0000000090200000| Untracked 
| 259|0x0000000090300000, 0x0000000090400000, 0x0000000090400000|100%| O|  |TAMS 0x0000000090400000, 0x0000000090300000| Untracked 
| 260|0x0000000090400000, 0x0000000090500000, 0x0000000090500000|100%| O|  |TAMS 0x0000000090500000, 0x0000000090400000| Untracked 
| 261|0x0000000090500000, 0x0000000090600000, 0x0000000090600000|100%| O|  |TAMS 0x0000000090600000, 0x0000000090500000| Untracked 
| 262|0x0000000090600000, 0x0000000090700000, 0x0000000090700000|100%| O|  |TAMS 0x0000000090700000, 0x0000000090600000| Untracked 
| 263|0x0000000090700000, 0x0000000090800000, 0x0000000090800000|100%| O|  |TAMS 0x0000000090800000, 0x0000000090700000| Untracked 
| 264|0x0000000090800000, 0x0000000090900000, 0x0000000090900000|100%| O|  |TAMS 0x0000000090900000, 0x0000000090800000| Untracked 
| 265|0x0000000090900000, 0x0000000090a00000, 0x0000000090a00000|100%| O|  |TAMS 0x0000000090a00000, 0x0000000090900000| Untracked 
| 266|0x0000000090a00000, 0x0000000090b00000, 0x0000000090b00000|100%| O|  |TAMS 0x0000000090b00000, 0x0000000090a00000| Untracked 
| 267|0x0000000090b00000, 0x0000000090c00000, 0x0000000090c00000|100%| O|  |TAMS 0x0000000090c00000, 0x0000000090b00000| Untracked 
| 268|0x0000000090c00000, 0x0000000090d00000, 0x0000000090d00000|100%| O|  |TAMS 0x0000000090d00000, 0x0000000090c00000| Untracked 
| 269|0x0000000090d00000, 0x0000000090e00000, 0x0000000090e00000|100%| O|  |TAMS 0x0000000090e00000, 0x0000000090d00000| Untracked 
| 270|0x0000000090e00000, 0x0000000090f00000, 0x0000000090f00000|100%| O|  |TAMS 0x0000000090f00000, 0x0000000090e00000| Untracked 
| 271|0x0000000090f00000, 0x0000000091000000, 0x0000000091000000|100%| O|  |TAMS 0x0000000091000000, 0x0000000090f00000| Untracked 
| 272|0x0000000091000000, 0x0000000091100000, 0x0000000091100000|100%| O|  |TAMS 0x0000000091100000, 0x0000000091000000| Untracked 
| 273|0x0000000091100000, 0x0000000091200000, 0x0000000091200000|100%| O|  |TAMS 0x0000000091200000, 0x0000000091100000| Untracked 
| 274|0x0000000091200000, 0x0000000091300000, 0x0000000091300000|100%| O|  |TAMS 0x0000000091300000, 0x0000000091200000| Untracked 
| 275|0x0000000091300000, 0x0000000091400000, 0x0000000091400000|100%| O|  |TAMS 0x0000000091400000, 0x0000000091300000| Untracked 
| 276|0x0000000091400000, 0x0000000091500000, 0x0000000091500000|100%| O|  |TAMS 0x0000000091500000, 0x0000000091400000| Complete 
| 277|0x0000000091500000, 0x0000000091600000, 0x0000000091600000|100%| O|  |TAMS 0x0000000091600000, 0x0000000091500000| Untracked 
| 278|0x0000000091600000, 0x0000000091700000, 0x0000000091700000|100%| O|  |TAMS 0x0000000091700000, 0x0000000091600000| Untracked 
| 279|0x0000000091700000, 0x0000000091800000, 0x0000000091800000|100%| O|  |TAMS 0x0000000091800000, 0x0000000091700000| Untracked 
| 280|0x0000000091800000, 0x0000000091900000, 0x0000000091900000|100%| O|  |TAMS 0x0000000091900000, 0x0000000091800000| Untracked 
| 281|0x0000000091900000, 0x0000000091a00000, 0x0000000091a00000|100%| O|  |TAMS 0x0000000091a00000, 0x0000000091900000| Untracked 
| 282|0x0000000091a00000, 0x0000000091b00000, 0x0000000091b00000|100%| O|  |TAMS 0x0000000091b00000, 0x0000000091a00000| Untracked 
| 283|0x0000000091b00000, 0x0000000091c00000, 0x0000000091c00000|100%| O|  |TAMS 0x0000000091c00000, 0x0000000091b00000| Untracked 
| 284|0x0000000091c00000, 0x0000000091d00000, 0x0000000091d00000|100%| O|  |TAMS 0x0000000091d00000, 0x0000000091c00000| Untracked 
| 285|0x0000000091d00000, 0x0000000091e00000, 0x0000000091e00000|100%| O|  |TAMS 0x0000000091e00000, 0x0000000091d00000| Untracked 
| 286|0x0000000091e00000, 0x0000000091f00000, 0x0000000091f00000|100%| O|  |TAMS 0x0000000091f00000, 0x0000000091e00000| Untracked 
| 287|0x0000000091f00000, 0x0000000092000000, 0x0000000092000000|100%| O|  |TAMS 0x0000000092000000, 0x0000000091f00000| Untracked 
| 288|0x0000000092000000, 0x0000000092100000, 0x0000000092100000|100%| O|  |TAMS 0x0000000092100000, 0x0000000092000000| Untracked 
| 289|0x0000000092100000, 0x0000000092200000, 0x0000000092200000|100%| O|  |TAMS 0x0000000092200000, 0x0000000092100000| Untracked 
| 290|0x0000000092200000, 0x0000000092300000, 0x0000000092300000|100%| O|  |TAMS 0x0000000092300000, 0x0000000092200000| Untracked 
| 291|0x0000000092300000, 0x0000000092400000, 0x0000000092400000|100%| O|  |TAMS 0x0000000092400000, 0x0000000092300000| Untracked 
| 292|0x0000000092400000, 0x0000000092500000, 0x0000000092500000|100%| O|  |TAMS 0x0000000092500000, 0x0000000092400000| Untracked 
| 293|0x0000000092500000, 0x0000000092600000, 0x0000000092600000|100%| O|  |TAMS 0x0000000092600000, 0x0000000092500000| Untracked 
| 294|0x0000000092600000, 0x0000000092700000, 0x0000000092700000|100%| O|  |TAMS 0x0000000092700000, 0x0000000092600000| Untracked 
| 295|0x0000000092700000, 0x0000000092800000, 0x0000000092800000|100%| O|  |TAMS 0x0000000092800000, 0x0000000092700000| Untracked 
| 296|0x0000000092800000, 0x0000000092900000, 0x0000000092900000|100%| O|  |TAMS 0x0000000092900000, 0x0000000092800000| Untracked 
| 297|0x0000000092900000, 0x0000000092a00000, 0x0000000092a00000|100%| O|  |TAMS 0x0000000092a00000, 0x0000000092900000| Untracked 
| 298|0x0000000092a00000, 0x0000000092b00000, 0x0000000092b00000|100%| O|  |TAMS 0x0000000092b00000, 0x0000000092a00000| Untracked 
| 299|0x0000000092b00000, 0x0000000092c00000, 0x0000000092c00000|100%| O|  |TAMS 0x0000000092c00000, 0x0000000092b00000| Untracked 
| 300|0x0000000092c00000, 0x0000000092d00000, 0x0000000092d00000|100%| O|  |TAMS 0x0000000092d00000, 0x0000000092c00000| Untracked 
| 301|0x0000000092d00000, 0x0000000092e00000, 0x0000000092e00000|100%| O|  |TAMS 0x0000000092e00000, 0x0000000092d00000| Untracked 
| 302|0x0000000092e00000, 0x0000000092f00000, 0x0000000092f00000|100%| O|  |TAMS 0x0000000092f00000, 0x0000000092e00000| Untracked 
| 303|0x0000000092f00000, 0x0000000093000000, 0x0000000093000000|100%| O|  |TAMS 0x0000000093000000, 0x0000000092f00000| Untracked 
| 304|0x0000000093000000, 0x0000000093100000, 0x0000000093100000|100%| O|  |TAMS 0x0000000093100000, 0x0000000093000000| Untracked 
| 305|0x0000000093100000, 0x0000000093200000, 0x0000000093200000|100%| O|  |TAMS 0x0000000093200000, 0x0000000093100000| Untracked 
| 306|0x0000000093200000, 0x0000000093300000, 0x0000000093300000|100%| O|  |TAMS 0x0000000093300000, 0x0000000093200000| Untracked 
| 307|0x0000000093300000, 0x0000000093400000, 0x0000000093400000|100%| O|  |TAMS 0x0000000093400000, 0x0000000093300000| Untracked 
| 308|0x0000000093400000, 0x0000000093500000, 0x0000000093500000|100%| O|  |TAMS 0x0000000093500000, 0x0000000093400000| Untracked 
| 309|0x0000000093500000, 0x0000000093600000, 0x0000000093600000|100%| O|  |TAMS 0x0000000093600000, 0x0000000093500000| Untracked 
| 310|0x0000000093600000, 0x0000000093700000, 0x0000000093700000|100%| O|  |TAMS 0x0000000093700000, 0x0000000093600000| Untracked 
| 311|0x0000000093700000, 0x0000000093800000, 0x0000000093800000|100%| O|  |TAMS 0x0000000093800000, 0x0000000093700000| Untracked 
| 312|0x0000000093800000, 0x0000000093900000, 0x0000000093900000|100%| O|  |TAMS 0x0000000093900000, 0x0000000093800000| Untracked 
| 313|0x0000000093900000, 0x0000000093a00000, 0x0000000093a00000|100%| O|  |TAMS 0x0000000093a00000, 0x0000000093900000| Untracked 
| 314|0x0000000093a00000, 0x0000000093b00000, 0x0000000093b00000|100%| O|  |TAMS 0x0000000093b00000, 0x0000000093a00000| Untracked 
| 315|0x0000000093b00000, 0x0000000093c00000, 0x0000000093c00000|100%| O|  |TAMS 0x0000000093c00000, 0x0000000093b00000| Untracked 
| 316|0x0000000093c00000, 0x0000000093d00000, 0x0000000093d00000|100%| O|  |TAMS 0x0000000093d00000, 0x0000000093c00000| Untracked 
| 317|0x0000000093d00000, 0x0000000093e00000, 0x0000000093e00000|100%| O|  |TAMS 0x0000000093e00000, 0x0000000093d00000| Untracked 
| 318|0x0000000093e00000, 0x0000000093f00000, 0x0000000093f00000|100%| O|  |TAMS 0x0000000093f00000, 0x0000000093e00000| Untracked 
| 319|0x0000000093f00000, 0x0000000094000000, 0x0000000094000000|100%| O|  |TAMS 0x0000000094000000, 0x0000000093f00000| Untracked 
| 320|0x0000000094000000, 0x0000000094100000, 0x0000000094100000|100%| O|  |TAMS 0x0000000094100000, 0x0000000094000000| Untracked 
| 321|0x0000000094100000, 0x0000000094200000, 0x0000000094200000|100%| O|  |TAMS 0x0000000094200000, 0x0000000094100000| Untracked 
| 322|0x0000000094200000, 0x0000000094300000, 0x0000000094300000|100%| O|  |TAMS 0x0000000094300000, 0x0000000094200000| Untracked 
| 323|0x0000000094300000, 0x0000000094400000, 0x0000000094400000|100%| O|  |TAMS 0x0000000094400000, 0x0000000094300000| Untracked 
| 324|0x0000000094400000, 0x0000000094500000, 0x0000000094500000|100%| O|  |TAMS 0x0000000094500000, 0x0000000094400000| Untracked 
| 325|0x0000000094500000, 0x0000000094600000, 0x0000000094600000|100%| O|  |TAMS 0x0000000094600000, 0x0000000094500000| Untracked 
| 326|0x0000000094600000, 0x0000000094700000, 0x0000000094700000|100%| O|  |TAMS 0x0000000094700000, 0x0000000094600000| Complete 
| 327|0x0000000094700000, 0x0000000094800000, 0x0000000094800000|100%| O|  |TAMS 0x0000000094800000, 0x0000000094700000| Untracked 
| 328|0x0000000094800000, 0x0000000094900000, 0x0000000094900000|100%| O|  |TAMS 0x0000000094900000, 0x0000000094800000| Untracked 
| 329|0x0000000094900000, 0x0000000094a00000, 0x0000000094a00000|100%| O|  |TAMS 0x0000000094a00000, 0x0000000094900000| Untracked 
| 330|0x0000000094a00000, 0x0000000094b00000, 0x0000000094b00000|100%| O|  |TAMS 0x0000000094b00000, 0x0000000094a00000| Untracked 
| 331|0x0000000094b00000, 0x0000000094c00000, 0x0000000094c00000|100%| O|  |TAMS 0x0000000094c00000, 0x0000000094b00000| Untracked 
| 332|0x0000000094c00000, 0x0000000094d00000, 0x0000000094d00000|100%| O|  |TAMS 0x0000000094d00000, 0x0000000094c00000| Untracked 
| 333|0x0000000094d00000, 0x0000000094e00000, 0x0000000094e00000|100%| O|  |TAMS 0x0000000094e00000, 0x0000000094d00000| Untracked 
| 334|0x0000000094e00000, 0x0000000094f00000, 0x0000000094f00000|100%| O|  |TAMS 0x0000000094f00000, 0x0000000094e00000| Untracked 
| 335|0x0000000094f00000, 0x0000000095000000, 0x0000000095000000|100%| O|  |TAMS 0x0000000095000000, 0x0000000094f00000| Untracked 
| 336|0x0000000095000000, 0x0000000095100000, 0x0000000095100000|100%| O|  |TAMS 0x0000000095100000, 0x0000000095000000| Untracked 
| 337|0x0000000095100000, 0x0000000095200000, 0x0000000095200000|100%| O|  |TAMS 0x0000000095200000, 0x0000000095100000| Untracked 
| 338|0x0000000095200000, 0x0000000095300000, 0x0000000095300000|100%| O|  |TAMS 0x0000000095300000, 0x0000000095200000| Untracked 
| 339|0x0000000095300000, 0x0000000095400000, 0x0000000095400000|100%| O|  |TAMS 0x0000000095400000, 0x0000000095300000| Untracked 
| 340|0x0000000095400000, 0x0000000095500000, 0x0000000095500000|100%| O|  |TAMS 0x0000000095500000, 0x0000000095400000| Untracked 
| 341|0x0000000095500000, 0x0000000095600000, 0x0000000095600000|100%| O|  |TAMS 0x0000000095600000, 0x0000000095500000| Complete 
| 342|0x0000000095600000, 0x0000000095700000, 0x0000000095700000|100%| O|  |TAMS 0x0000000095700000, 0x0000000095600000| Untracked 
| 343|0x0000000095700000, 0x0000000095800000, 0x0000000095800000|100%| O|  |TAMS 0x0000000095800000, 0x0000000095700000| Untracked 
| 344|0x0000000095800000, 0x0000000095900000, 0x0000000095900000|100%| O|  |TAMS 0x0000000095900000, 0x0000000095800000| Complete 
| 345|0x0000000095900000, 0x0000000095a00000, 0x0000000095a00000|100%| O|  |TAMS 0x0000000095a00000, 0x0000000095900000| Untracked 
| 346|0x0000000095a00000, 0x0000000095b00000, 0x0000000095b00000|100%| O|  |TAMS 0x0000000095b00000, 0x0000000095a00000| Untracked 
| 347|0x0000000095b00000, 0x0000000095c00000, 0x0000000095c00000|100%| O|  |TAMS 0x0000000095c00000, 0x0000000095b00000| Untracked 
| 348|0x0000000095c00000, 0x0000000095d00000, 0x0000000095d00000|100%| O|  |TAMS 0x0000000095d00000, 0x0000000095c00000| Untracked 
| 349|0x0000000095d00000, 0x0000000095e00000, 0x0000000095e00000|100%| O|  |TAMS 0x0000000095e00000, 0x0000000095d00000| Untracked 
| 350|0x0000000095e00000, 0x0000000095f00000, 0x0000000095f00000|100%| O|  |TAMS 0x0000000095f00000, 0x0000000095e00000| Untracked 
| 351|0x0000000095f00000, 0x0000000096000000, 0x0000000096000000|100%| O|  |TAMS 0x0000000096000000, 0x0000000095f00000| Untracked 
| 352|0x0000000096000000, 0x0000000096100000, 0x0000000096100000|100%| O|  |TAMS 0x0000000096100000, 0x0000000096000000| Untracked 
| 353|0x0000000096100000, 0x0000000096200000, 0x0000000096200000|100%| O|  |TAMS 0x0000000096200000, 0x0000000096100000| Untracked 
| 354|0x0000000096200000, 0x0000000096300000, 0x0000000096300000|100%| O|  |TAMS 0x0000000096300000, 0x0000000096200000| Untracked 
| 355|0x0000000096300000, 0x0000000096400000, 0x0000000096400000|100%| O|  |TAMS 0x0000000096400000, 0x0000000096300000| Untracked 
| 356|0x0000000096400000, 0x0000000096500000, 0x0000000096500000|100%| O|  |TAMS 0x0000000096500000, 0x0000000096400000| Untracked 
| 357|0x0000000096500000, 0x0000000096600000, 0x0000000096600000|100%| O|  |TAMS 0x0000000096600000, 0x0000000096500000| Untracked 
| 358|0x0000000096600000, 0x0000000096700000, 0x0000000096700000|100%| O|  |TAMS 0x0000000096700000, 0x0000000096600000| Complete 
| 359|0x0000000096700000, 0x0000000096800000, 0x0000000096800000|100%| O|  |TAMS 0x0000000096800000, 0x0000000096700000| Complete 
| 360|0x0000000096800000, 0x0000000096900000, 0x0000000096900000|100%| O|  |TAMS 0x0000000096900000, 0x0000000096800000| Untracked 
| 361|0x0000000096900000, 0x0000000096a00000, 0x0000000096a00000|100%| O|  |TAMS 0x0000000096a00000, 0x0000000096900000| Untracked 
| 362|0x0000000096a00000, 0x0000000096b00000, 0x0000000096b00000|100%| O|  |TAMS 0x0000000096b00000, 0x0000000096a00000| Untracked 
| 363|0x0000000096b00000, 0x0000000096c00000, 0x0000000096c00000|100%| O|  |TAMS 0x0000000096c00000, 0x0000000096b00000| Untracked 
| 364|0x0000000096c00000, 0x0000000096d00000, 0x0000000096d00000|100%| O|  |TAMS 0x0000000096d00000, 0x0000000096c00000| Untracked 
| 365|0x0000000096d00000, 0x0000000096e00000, 0x0000000096e00000|100%| O|  |TAMS 0x0000000096e00000, 0x0000000096d00000| Untracked 
| 366|0x0000000096e00000, 0x0000000096f00000, 0x0000000096f00000|100%| O|  |TAMS 0x0000000096f00000, 0x0000000096e00000| Complete 
| 367|0x0000000096f00000, 0x0000000097000000, 0x0000000097000000|100%| O|  |TAMS 0x0000000097000000, 0x0000000096f00000| Untracked 
| 368|0x0000000097000000, 0x0000000097100000, 0x0000000097100000|100%|HS|  |TAMS 0x0000000097100000, 0x0000000097000000| Complete 
| 369|0x0000000097100000, 0x0000000097200000, 0x0000000097200000|100%|HC|  |TAMS 0x0000000097200000, 0x0000000097100000| Complete 
| 370|0x0000000097200000, 0x0000000097300000, 0x0000000097300000|100%|HC|  |TAMS 0x0000000097300000, 0x0000000097200000| Complete 
| 371|0x0000000097300000, 0x0000000097400000, 0x0000000097400000|100%| O|  |TAMS 0x0000000097400000, 0x0000000097300000| Untracked 
| 372|0x0000000097400000, 0x0000000097500000, 0x0000000097500000|100%| O|  |TAMS 0x0000000097500000, 0x0000000097400000| Untracked 
| 373|0x0000000097500000, 0x0000000097600000, 0x0000000097600000|100%| O|  |TAMS 0x0000000097600000, 0x0000000097500000| Untracked 
| 374|0x0000000097600000, 0x0000000097700000, 0x0000000097700000|100%| O|  |TAMS 0x0000000097700000, 0x0000000097600000| Untracked 
| 375|0x0000000097700000, 0x0000000097800000, 0x0000000097800000|100%| O|  |TAMS 0x0000000097800000, 0x0000000097700000| Untracked 
| 376|0x0000000097800000, 0x0000000097900000, 0x0000000097900000|100%| O|  |TAMS 0x0000000097900000, 0x0000000097800000| Untracked 
| 377|0x0000000097900000, 0x0000000097a00000, 0x0000000097a00000|100%| O|  |TAMS 0x0000000097a00000, 0x0000000097900000| Untracked 
| 378|0x0000000097a00000, 0x0000000097b00000, 0x0000000097b00000|100%| O|  |TAMS 0x0000000097b00000, 0x0000000097a00000| Untracked 
| 379|0x0000000097b00000, 0x0000000097c00000, 0x0000000097c00000|100%| O|  |TAMS 0x0000000097c00000, 0x0000000097b00000| Untracked 
| 380|0x0000000097c00000, 0x0000000097d00000, 0x0000000097d00000|100%| O|  |TAMS 0x0000000097d00000, 0x0000000097c00000| Untracked 
| 381|0x0000000097d00000, 0x0000000097e00000, 0x0000000097e00000|100%| O|  |TAMS 0x0000000097e00000, 0x0000000097d00000| Untracked 
| 382|0x0000000097e00000, 0x0000000097f00000, 0x0000000097f00000|100%|HS|  |TAMS 0x0000000097f00000, 0x0000000097e00000| Complete 
| 383|0x0000000097f00000, 0x0000000098000000, 0x0000000098000000|100%|HC|  |TAMS 0x0000000098000000, 0x0000000097f00000| Complete 
| 384|0x0000000098000000, 0x0000000098100000, 0x0000000098100000|100%|HC|  |TAMS 0x0000000098100000, 0x0000000098000000| Complete 
| 385|0x0000000098100000, 0x0000000098200000, 0x0000000098200000|100%| O|  |TAMS 0x0000000098200000, 0x0000000098100000| Untracked 
| 386|0x0000000098200000, 0x0000000098300000, 0x0000000098300000|100%| O|  |TAMS 0x0000000098300000, 0x0000000098200000| Untracked 
| 387|0x0000000098300000, 0x0000000098400000, 0x0000000098400000|100%| O|  |TAMS 0x0000000098400000, 0x0000000098300000| Untracked 
| 388|0x0000000098400000, 0x0000000098500000, 0x0000000098500000|100%| O|  |TAMS 0x0000000098500000, 0x0000000098400000| Untracked 
| 389|0x0000000098500000, 0x0000000098600000, 0x0000000098600000|100%| O|  |TAMS 0x0000000098600000, 0x0000000098500000| Untracked 
| 390|0x0000000098600000, 0x0000000098700000, 0x0000000098700000|100%| O|  |TAMS 0x0000000098700000, 0x0000000098600000| Untracked 
| 391|0x0000000098700000, 0x0000000098800000, 0x0000000098800000|100%| O|  |TAMS 0x0000000098800000, 0x0000000098700000| Untracked 
| 392|0x0000000098800000, 0x0000000098900000, 0x0000000098900000|100%| O|  |TAMS 0x0000000098900000, 0x0000000098800000| Untracked 
| 393|0x0000000098900000, 0x0000000098a00000, 0x0000000098a00000|100%| O|  |TAMS 0x0000000098a00000, 0x0000000098900000| Untracked 
| 394|0x0000000098a00000, 0x0000000098b00000, 0x0000000098b00000|100%| O|  |TAMS 0x0000000098b00000, 0x0000000098a00000| Untracked 
| 395|0x0000000098b00000, 0x0000000098c00000, 0x0000000098c00000|100%| O|  |TAMS 0x0000000098c00000, 0x0000000098b00000| Untracked 
| 396|0x0000000098c00000, 0x0000000098d00000, 0x0000000098d00000|100%| O|  |TAMS 0x0000000098d00000, 0x0000000098c00000| Untracked 
| 397|0x0000000098d00000, 0x0000000098e00000, 0x0000000098e00000|100%| O|  |TAMS 0x0000000098e00000, 0x0000000098d00000| Untracked 
| 398|0x0000000098e00000, 0x0000000098f00000, 0x0000000098f00000|100%| O|  |TAMS 0x0000000098f00000, 0x0000000098e00000| Untracked 
| 399|0x0000000098f00000, 0x0000000099000000, 0x0000000099000000|100%| O|  |TAMS 0x0000000099000000, 0x0000000098f00000| Untracked 
| 400|0x0000000099000000, 0x0000000099100000, 0x0000000099100000|100%| O|  |TAMS 0x0000000099100000, 0x0000000099000000| Untracked 
| 401|0x0000000099100000, 0x0000000099200000, 0x0000000099200000|100%| O|  |TAMS 0x0000000099200000, 0x0000000099100000| Untracked 
| 402|0x0000000099200000, 0x0000000099300000, 0x0000000099300000|100%| O|  |TAMS 0x0000000099300000, 0x0000000099200000| Untracked 
| 403|0x0000000099300000, 0x0000000099400000, 0x0000000099400000|100%| O|  |TAMS 0x0000000099400000, 0x0000000099300000| Untracked 
| 404|0x0000000099400000, 0x0000000099500000, 0x0000000099500000|100%| O|  |TAMS 0x0000000099500000, 0x0000000099400000| Untracked 
| 405|0x0000000099500000, 0x0000000099600000, 0x0000000099600000|100%| O|  |TAMS 0x0000000099600000, 0x0000000099500000| Untracked 
| 406|0x0000000099600000, 0x0000000099700000, 0x0000000099700000|100%| O|  |TAMS 0x0000000099700000, 0x0000000099600000| Untracked 
| 407|0x0000000099700000, 0x0000000099800000, 0x0000000099800000|100%| O|  |TAMS 0x0000000099800000, 0x0000000099700000| Untracked 
| 408|0x0000000099800000, 0x0000000099900000, 0x0000000099900000|100%| O|  |TAMS 0x0000000099900000, 0x0000000099800000| Untracked 
| 409|0x0000000099900000, 0x0000000099a00000, 0x0000000099a00000|100%| O|  |TAMS 0x0000000099a00000, 0x0000000099900000| Untracked 
| 410|0x0000000099a00000, 0x0000000099b00000, 0x0000000099b00000|100%| O|  |TAMS 0x0000000099b00000, 0x0000000099a00000| Untracked 
| 411|0x0000000099b00000, 0x0000000099c00000, 0x0000000099c00000|100%| O|  |TAMS 0x0000000099c00000, 0x0000000099b00000| Untracked 
| 412|0x0000000099c00000, 0x0000000099d00000, 0x0000000099d00000|100%| O|  |TAMS 0x0000000099d00000, 0x0000000099c00000| Untracked 
| 413|0x0000000099d00000, 0x0000000099e00000, 0x0000000099e00000|100%| O|  |TAMS 0x0000000099e00000, 0x0000000099d00000| Untracked 
| 414|0x0000000099e00000, 0x0000000099f00000, 0x0000000099f00000|100%| O|  |TAMS 0x0000000099f00000, 0x0000000099e00000| Untracked 
| 415|0x0000000099f00000, 0x000000009a000000, 0x000000009a000000|100%| O|  |TAMS 0x000000009a000000, 0x0000000099f00000| Untracked 
| 416|0x000000009a000000, 0x000000009a100000, 0x000000009a100000|100%| O|  |TAMS 0x000000009a100000, 0x000000009a000000| Untracked 
| 417|0x000000009a100000, 0x000000009a200000, 0x000000009a200000|100%| O|  |TAMS 0x000000009a200000, 0x000000009a100000| Untracked 
| 418|0x000000009a200000, 0x000000009a300000, 0x000000009a300000|100%| O|  |TAMS 0x000000009a300000, 0x000000009a200000| Untracked 
| 419|0x000000009a300000, 0x000000009a400000, 0x000000009a400000|100%| O|  |TAMS 0x000000009a400000, 0x000000009a300000| Untracked 
| 420|0x000000009a400000, 0x000000009a500000, 0x000000009a500000|100%| O|  |TAMS 0x000000009a500000, 0x000000009a400000| Untracked 
| 421|0x000000009a500000, 0x000000009a600000, 0x000000009a600000|100%| O|  |TAMS 0x000000009a600000, 0x000000009a500000| Untracked 
| 422|0x000000009a600000, 0x000000009a700000, 0x000000009a700000|100%| O|  |TAMS 0x000000009a700000, 0x000000009a600000| Untracked 
| 423|0x000000009a700000, 0x000000009a800000, 0x000000009a800000|100%| O|  |TAMS 0x000000009a800000, 0x000000009a700000| Untracked 
| 424|0x000000009a800000, 0x000000009a900000, 0x000000009a900000|100%| O|  |TAMS 0x000000009a900000, 0x000000009a800000| Complete 
| 425|0x000000009a900000, 0x000000009aa00000, 0x000000009aa00000|100%| O|  |TAMS 0x000000009aa00000, 0x000000009a900000| Untracked 
| 426|0x000000009aa00000, 0x000000009ab00000, 0x000000009ab00000|100%| O|  |TAMS 0x000000009ab00000, 0x000000009aa00000| Untracked 
| 427|0x000000009ab00000, 0x000000009ac00000, 0x000000009ac00000|100%| O|  |TAMS 0x000000009ac00000, 0x000000009ab00000| Untracked 
| 428|0x000000009ac00000, 0x000000009ad00000, 0x000000009ad00000|100%| O|  |TAMS 0x000000009ad00000, 0x000000009ac00000| Untracked 
| 429|0x000000009ad00000, 0x000000009ae00000, 0x000000009ae00000|100%|HS|  |TAMS 0x000000009ae00000, 0x000000009ad00000| Complete 
| 430|0x000000009ae00000, 0x000000009af00000, 0x000000009af00000|100%|HC|  |TAMS 0x000000009af00000, 0x000000009ae00000| Complete 
| 431|0x000000009af00000, 0x000000009b000000, 0x000000009b000000|100%| O|  |TAMS 0x000000009b000000, 0x000000009af00000| Untracked 
| 432|0x000000009b000000, 0x000000009b100000, 0x000000009b100000|100%| O|  |TAMS 0x000000009b100000, 0x000000009b000000| Untracked 
| 433|0x000000009b100000, 0x000000009b200000, 0x000000009b200000|100%| O|  |TAMS 0x000000009b200000, 0x000000009b100000| Untracked 
| 434|0x000000009b200000, 0x000000009b300000, 0x000000009b300000|100%| O|  |TAMS 0x000000009b300000, 0x000000009b200000| Untracked 
| 435|0x000000009b300000, 0x000000009b400000, 0x000000009b400000|100%| O|  |TAMS 0x000000009b400000, 0x000000009b300000| Untracked 
| 436|0x000000009b400000, 0x000000009b500000, 0x000000009b500000|100%| O|  |TAMS 0x000000009b500000, 0x000000009b400000| Untracked 
| 437|0x000000009b500000, 0x000000009b600000, 0x000000009b600000|100%| O|  |TAMS 0x000000009b600000, 0x000000009b500000| Untracked 
| 438|0x000000009b600000, 0x000000009b700000, 0x000000009b700000|100%| O|  |TAMS 0x000000009b700000, 0x000000009b600000| Untracked 
| 439|0x000000009b700000, 0x000000009b800000, 0x000000009b800000|100%| O|  |TAMS 0x000000009b800000, 0x000000009b700000| Untracked 
| 440|0x000000009b800000, 0x000000009b900000, 0x000000009b900000|100%| O|  |TAMS 0x000000009b900000, 0x000000009b800000| Complete 
| 441|0x000000009b900000, 0x000000009ba00000, 0x000000009ba00000|100%|HS|  |TAMS 0x000000009ba00000, 0x000000009b900000| Complete 
| 442|0x000000009ba00000, 0x000000009bb00000, 0x000000009bb00000|100%|HC|  |TAMS 0x000000009bb00000, 0x000000009ba00000| Complete 
| 443|0x000000009bb00000, 0x000000009bc00000, 0x000000009bc00000|100%| O|  |TAMS 0x000000009bc00000, 0x000000009bb00000| Untracked 
| 444|0x000000009bc00000, 0x000000009bd00000, 0x000000009bd00000|100%| O|  |TAMS 0x000000009bd00000, 0x000000009bc00000| Untracked 
| 445|0x000000009bd00000, 0x000000009bd63a00, 0x000000009be00000| 38%| O|  |TAMS 0x000000009bd63a00, 0x000000009bd00000| Untracked 
| 446|0x000000009be00000, 0x000000009bf00000, 0x000000009bf00000|100%| O|  |TAMS 0x000000009bf00000, 0x000000009be00000| Untracked 
| 447|0x000000009bf00000, 0x000000009c000000, 0x000000009c000000|100%| O|  |TAMS 0x000000009c000000, 0x000000009bf00000| Untracked 
| 448|0x000000009c000000, 0x000000009c100000, 0x000000009c100000|100%| O|  |TAMS 0x000000009c100000, 0x000000009c000000| Untracked 
| 449|0x000000009c100000, 0x000000009c200000, 0x000000009c200000|100%| O|  |TAMS 0x000000009c200000, 0x000000009c100000| Untracked 
| 450|0x000000009c200000, 0x000000009c300000, 0x000000009c300000|100%| O|  |TAMS 0x000000009c300000, 0x000000009c200000| Untracked 
| 451|0x000000009c300000, 0x000000009c400000, 0x000000009c400000|100%| O|  |TAMS 0x000000009c400000, 0x000000009c300000| Untracked 
| 452|0x000000009c400000, 0x000000009c500000, 0x000000009c500000|100%|HS|  |TAMS 0x000000009c400000, 0x000000009c400000| Complete 
| 453|0x000000009c500000, 0x000000009c600000, 0x000000009c600000|100%| O|  |TAMS 0x000000009c600000, 0x000000009c500000| Untracked 
| 454|0x000000009c600000, 0x000000009c700000, 0x000000009c700000|100%| O|  |TAMS 0x000000009c700000, 0x000000009c600000| Untracked 
| 455|0x000000009c700000, 0x000000009c800000, 0x000000009c800000|100%| O|  |TAMS 0x000000009c800000, 0x000000009c700000| Untracked 
| 456|0x000000009c800000, 0x000000009c900000, 0x000000009c900000|100%| O|  |TAMS 0x000000009c900000, 0x000000009c800000| Complete 
| 457|0x000000009c900000, 0x000000009ca00000, 0x000000009ca00000|100%| O|  |TAMS 0x000000009ca00000, 0x000000009c900000| Untracked 
| 458|0x000000009ca00000, 0x000000009cb00000, 0x000000009cb00000|100%| O|  |TAMS 0x000000009cb00000, 0x000000009ca00000| Untracked 
| 459|0x000000009cb00000, 0x000000009cc00000, 0x000000009cc00000|100%| O|  |TAMS 0x000000009cc00000, 0x000000009cb00000| Untracked 
| 460|0x000000009cc00000, 0x000000009cc00000, 0x000000009cd00000|  0%| F|  |TAMS 0x000000009cc00000, 0x000000009cc00000| Untracked 
| 461|0x000000009cd00000, 0x000000009ce00000, 0x000000009ce00000|100%| O|  |TAMS 0x000000009ce00000, 0x000000009cd00000| Untracked 
| 462|0x000000009ce00000, 0x000000009cf00000, 0x000000009cf00000|100%| O|  |TAMS 0x000000009cf00000, 0x000000009ce00000| Untracked 
| 463|0x000000009cf00000, 0x000000009d000000, 0x000000009d000000|100%| O|  |TAMS 0x000000009d000000, 0x000000009cf00000| Untracked 
| 464|0x000000009d000000, 0x000000009d100000, 0x000000009d100000|100%|HS|  |TAMS 0x000000009d000000, 0x000000009d000000| Complete 
| 465|0x000000009d100000, 0x000000009d200000, 0x000000009d200000|100%|HC|  |TAMS 0x000000009d100000, 0x000000009d100000| Complete 
| 466|0x000000009d200000, 0x000000009d300000, 0x000000009d300000|100%| O|  |TAMS 0x000000009d300000, 0x000000009d200000| Untracked 
| 467|0x000000009d300000, 0x000000009d400000, 0x000000009d400000|100%| O|  |TAMS 0x000000009d400000, 0x000000009d300000| Complete 
| 468|0x000000009d400000, 0x000000009d500000, 0x000000009d500000|100%| O|  |TAMS 0x000000009d500000, 0x000000009d400000| Untracked 
| 469|0x000000009d500000, 0x000000009d600000, 0x000000009d600000|100%| O|  |TAMS 0x000000009d600000, 0x000000009d500000| Untracked 
| 470|0x000000009d600000, 0x000000009d700000, 0x000000009d700000|100%| O|  |TAMS 0x000000009d700000, 0x000000009d600000| Untracked 
| 471|0x000000009d700000, 0x000000009d700000, 0x000000009d800000|  0%| F|  |TAMS 0x000000009d700000, 0x000000009d700000| Untracked 
| 472|0x000000009d800000, 0x000000009d900000, 0x000000009d900000|100%| O|  |TAMS 0x000000009d900000, 0x000000009d800000| Untracked 
| 473|0x000000009d900000, 0x000000009da00000, 0x000000009da00000|100%| O|  |TAMS 0x000000009da00000, 0x000000009d900000| Untracked 
| 474|0x000000009da00000, 0x000000009db00000, 0x000000009db00000|100%| O|  |TAMS 0x000000009db00000, 0x000000009da00000| Untracked 
| 475|0x000000009db00000, 0x000000009db00000, 0x000000009dc00000|  0%| F|  |TAMS 0x000000009db00000, 0x000000009db00000| Untracked 
| 476|0x000000009dc00000, 0x000000009dd00000, 0x000000009dd00000|100%| O|  |TAMS 0x000000009dd00000, 0x000000009dc00000| Untracked 
| 477|0x000000009dd00000, 0x000000009de00000, 0x000000009de00000|100%| O|  |TAMS 0x000000009de00000, 0x000000009dd00000| Untracked 
| 478|0x000000009de00000, 0x000000009df00000, 0x000000009df00000|100%| O|  |TAMS 0x000000009df00000, 0x000000009de00000| Untracked 
| 479|0x000000009df00000, 0x000000009e000000, 0x000000009e000000|100%| O|  |TAMS 0x000000009e000000, 0x000000009df00000| Untracked 
| 480|0x000000009e000000, 0x000000009e100000, 0x000000009e100000|100%|HS|  |TAMS 0x000000009e000000, 0x000000009e000000| Complete 
| 481|0x000000009e100000, 0x000000009e200000, 0x000000009e200000|100%|HC|  |TAMS 0x000000009e100000, 0x000000009e100000| Complete 
| 482|0x000000009e200000, 0x000000009e300000, 0x000000009e300000|100%|HS|  |TAMS 0x000000009e200000, 0x000000009e200000| Complete 
| 483|0x000000009e300000, 0x000000009e400000, 0x000000009e400000|100%|HC|  |TAMS 0x000000009e300000, 0x000000009e300000| Complete 
| 484|0x000000009e400000, 0x000000009e500000, 0x000000009e500000|100%| O|  |TAMS 0x000000009e500000, 0x000000009e400000| Untracked 
| 485|0x000000009e500000, 0x000000009e600000, 0x000000009e600000|100%| O|  |TAMS 0x000000009e600000, 0x000000009e500000| Untracked 
| 486|0x000000009e600000, 0x000000009e600000, 0x000000009e700000|  0%| F|  |TAMS 0x000000009e600000, 0x000000009e600000| Untracked 
| 487|0x000000009e700000, 0x000000009e700000, 0x000000009e800000|  0%| F|  |TAMS 0x000000009e700000, 0x000000009e700000| Untracked 
| 488|0x000000009e800000, 0x000000009e800000, 0x000000009e900000|  0%| F|  |TAMS 0x000000009e800000, 0x000000009e800000| Untracked 
| 489|0x000000009e900000, 0x000000009e900000, 0x000000009ea00000|  0%| F|  |TAMS 0x000000009e900000, 0x000000009e900000| Untracked 
| 490|0x000000009ea00000, 0x000000009eb00000, 0x000000009eb00000|100%| O|  |TAMS 0x000000009eb00000, 0x000000009ea00000| Complete 
| 491|0x000000009eb00000, 0x000000009ec00000, 0x000000009ec00000|100%| O|  |TAMS 0x000000009ec00000, 0x000000009eb00000| Untracked 
| 492|0x000000009ec00000, 0x000000009ec00000, 0x000000009ed00000|  0%| F|  |TAMS 0x000000009ec00000, 0x000000009ec00000| Untracked 
| 493|0x000000009ed00000, 0x000000009ed00000, 0x000000009ee00000|  0%| F|  |TAMS 0x000000009ed00000, 0x000000009ed00000| Untracked 
| 494|0x000000009ee00000, 0x000000009ef00000, 0x000000009ef00000|100%| O|  |TAMS 0x000000009ef00000, 0x000000009ee00000| Untracked 
| 495|0x000000009ef00000, 0x000000009f000000, 0x000000009f000000|100%| O|  |TAMS 0x000000009f000000, 0x000000009ef00000| Untracked 
| 496|0x000000009f000000, 0x000000009f100000, 0x000000009f100000|100%| O|  |TAMS 0x000000009f100000, 0x000000009f000000| Untracked 
| 497|0x000000009f100000, 0x000000009f200000, 0x000000009f200000|100%| O|  |TAMS 0x000000009f200000, 0x000000009f100000| Untracked 
| 498|0x000000009f200000, 0x000000009f300000, 0x000000009f300000|100%| O|  |TAMS 0x000000009f300000, 0x000000009f200000| Untracked 
| 499|0x000000009f300000, 0x000000009f400000, 0x000000009f400000|100%| O|  |TAMS 0x000000009f400000, 0x000000009f300000| Untracked 
| 500|0x000000009f400000, 0x000000009f500000, 0x000000009f500000|100%| O|  |TAMS 0x000000009f500000, 0x000000009f400000| Untracked 
| 501|0x000000009f500000, 0x000000009f500000, 0x000000009f600000|  0%| F|  |TAMS 0x000000009f500000, 0x000000009f500000| Untracked 
| 502|0x000000009f600000, 0x000000009f700000, 0x000000009f700000|100%| O|  |TAMS 0x000000009f700000, 0x000000009f600000| Untracked 
| 503|0x000000009f700000, 0x000000009f700000, 0x000000009f800000|  0%| F|  |TAMS 0x000000009f700000, 0x000000009f700000| Untracked 
| 504|0x000000009f800000, 0x000000009f900000, 0x000000009f900000|100%| O|  |TAMS 0x000000009f900000, 0x000000009f800000| Untracked 
| 505|0x000000009f900000, 0x000000009fa00000, 0x000000009fa00000|100%| O|  |TAMS 0x000000009fa00000, 0x000000009f900000| Complete 
| 506|0x000000009fa00000, 0x000000009fa00000, 0x000000009fb00000|  0%| F|  |TAMS 0x000000009fa00000, 0x000000009fa00000| Untracked 
| 507|0x000000009fb00000, 0x000000009fb00000, 0x000000009fc00000|  0%| F|  |TAMS 0x000000009fb00000, 0x000000009fb00000| Untracked 
| 508|0x000000009fc00000, 0x000000009fd00000, 0x000000009fd00000|100%| O|  |TAMS 0x000000009fd00000, 0x000000009fc00000| Untracked 
| 509|0x000000009fd00000, 0x000000009fe00000, 0x000000009fe00000|100%| O|  |TAMS 0x000000009fe00000, 0x000000009fd00000| Untracked 
| 510|0x000000009fe00000, 0x000000009fe00000, 0x000000009ff00000|  0%| F|  |TAMS 0x000000009fe00000, 0x000000009fe00000| Untracked 
| 511|0x000000009ff00000, 0x000000009ff00000, 0x00000000a0000000|  0%| F|  |TAMS 0x000000009ff00000, 0x000000009ff00000| Untracked 
| 512|0x00000000a0000000, 0x00000000a0100000, 0x00000000a0100000|100%| O|  |TAMS 0x00000000a0100000, 0x00000000a0000000| Untracked 
| 513|0x00000000a0100000, 0x00000000a0100000, 0x00000000a0200000|  0%| F|  |TAMS 0x00000000a0100000, 0x00000000a0100000| Untracked 
| 514|0x00000000a0200000, 0x00000000a0200000, 0x00000000a0300000|  0%| F|  |TAMS 0x00000000a0200000, 0x00000000a0200000| Untracked 
| 515|0x00000000a0300000, 0x00000000a0400000, 0x00000000a0400000|100%| O|  |TAMS 0x00000000a0400000, 0x00000000a0300000| Complete 
| 516|0x00000000a0400000, 0x00000000a0500000, 0x00000000a0500000|100%| O|  |TAMS 0x00000000a0500000, 0x00000000a0400000| Untracked 
| 517|0x00000000a0500000, 0x00000000a0500000, 0x00000000a0600000|  0%| F|  |TAMS 0x00000000a0500000, 0x00000000a0500000| Untracked 
| 518|0x00000000a0600000, 0x00000000a0700000, 0x00000000a0700000|100%| O|  |TAMS 0x00000000a0700000, 0x00000000a0600000| Untracked 
| 519|0x00000000a0700000, 0x00000000a0800000, 0x00000000a0800000|100%| O|  |TAMS 0x00000000a0800000, 0x00000000a0700000| Complete 
| 520|0x00000000a0800000, 0x00000000a0900000, 0x00000000a0900000|100%| O|  |TAMS 0x00000000a0900000, 0x00000000a0800000| Untracked 
| 521|0x00000000a0900000, 0x00000000a0a00000, 0x00000000a0a00000|100%| O|  |TAMS 0x00000000a0a00000, 0x00000000a0900000| Untracked 
| 522|0x00000000a0a00000, 0x00000000a0a00000, 0x00000000a0b00000|  0%| F|  |TAMS 0x00000000a0a00000, 0x00000000a0a00000| Untracked 
| 523|0x00000000a0b00000, 0x00000000a0b00000, 0x00000000a0c00000|  0%| F|  |TAMS 0x00000000a0b00000, 0x00000000a0b00000| Untracked 
| 524|0x00000000a0c00000, 0x00000000a0d00000, 0x00000000a0d00000|100%| O|  |TAMS 0x00000000a0d00000, 0x00000000a0c00000| Untracked 
| 525|0x00000000a0d00000, 0x00000000a0e00000, 0x00000000a0e00000|100%| O|  |TAMS 0x00000000a0e00000, 0x00000000a0d00000| Untracked 
| 526|0x00000000a0e00000, 0x00000000a0f00000, 0x00000000a0f00000|100%| O|  |TAMS 0x00000000a0f00000, 0x00000000a0e00000| Untracked 
| 527|0x00000000a0f00000, 0x00000000a1000000, 0x00000000a1000000|100%| O|  |TAMS 0x00000000a1000000, 0x00000000a0f00000| Untracked 
| 528|0x00000000a1000000, 0x00000000a1100000, 0x00000000a1100000|100%| O|  |TAMS 0x00000000a1100000, 0x00000000a1000000| Untracked 
| 529|0x00000000a1100000, 0x00000000a1200000, 0x00000000a1200000|100%| O|  |TAMS 0x00000000a1200000, 0x00000000a1100000| Untracked 
| 530|0x00000000a1200000, 0x00000000a1300000, 0x00000000a1300000|100%| O|  |TAMS 0x00000000a1300000, 0x00000000a1200000| Untracked 
| 531|0x00000000a1300000, 0x00000000a1400000, 0x00000000a1400000|100%| O|  |TAMS 0x00000000a1400000, 0x00000000a1300000| Untracked 
| 532|0x00000000a1400000, 0x00000000a1500000, 0x00000000a1500000|100%| O|  |TAMS 0x00000000a1500000, 0x00000000a1400000| Untracked 
| 533|0x00000000a1500000, 0x00000000a1600000, 0x00000000a1600000|100%| O|  |TAMS 0x00000000a1600000, 0x00000000a1500000| Untracked 
| 534|0x00000000a1600000, 0x00000000a1700000, 0x00000000a1700000|100%| O|  |TAMS 0x00000000a1700000, 0x00000000a1600000| Untracked 
| 535|0x00000000a1700000, 0x00000000a1700000, 0x00000000a1800000|  0%| F|  |TAMS 0x00000000a1700000, 0x00000000a1700000| Untracked 
| 536|0x00000000a1800000, 0x00000000a1900000, 0x00000000a1900000|100%| O|  |TAMS 0x00000000a1900000, 0x00000000a1800000| Untracked 
| 537|0x00000000a1900000, 0x00000000a1a00000, 0x00000000a1a00000|100%| O|  |TAMS 0x00000000a1a00000, 0x00000000a1900000| Untracked 
| 538|0x00000000a1a00000, 0x00000000a1b00000, 0x00000000a1b00000|100%| O|  |TAMS 0x00000000a1b00000, 0x00000000a1a00000| Untracked 
| 539|0x00000000a1b00000, 0x00000000a1c00000, 0x00000000a1c00000|100%| O|  |TAMS 0x00000000a1c00000, 0x00000000a1b00000| Untracked 
| 540|0x00000000a1c00000, 0x00000000a1d00000, 0x00000000a1d00000|100%| O|  |TAMS 0x00000000a1d00000, 0x00000000a1c00000| Untracked 
| 541|0x00000000a1d00000, 0x00000000a1e00000, 0x00000000a1e00000|100%| O|  |TAMS 0x00000000a1e00000, 0x00000000a1d00000| Untracked 
| 542|0x00000000a1e00000, 0x00000000a1e00000, 0x00000000a1f00000|  0%| F|  |TAMS 0x00000000a1e00000, 0x00000000a1e00000| Untracked 
| 543|0x00000000a1f00000, 0x00000000a2000000, 0x00000000a2000000|100%| O|  |TAMS 0x00000000a2000000, 0x00000000a1f00000| Untracked 
| 544|0x00000000a2000000, 0x00000000a2100000, 0x00000000a2100000|100%| O|  |TAMS 0x00000000a2100000, 0x00000000a2000000| Untracked 
| 545|0x00000000a2100000, 0x00000000a2200000, 0x00000000a2200000|100%| O|  |TAMS 0x00000000a2200000, 0x00000000a2100000| Untracked 
| 546|0x00000000a2200000, 0x00000000a2200000, 0x00000000a2300000|  0%| F|  |TAMS 0x00000000a2200000, 0x00000000a2200000| Untracked 
| 547|0x00000000a2300000, 0x00000000a2400000, 0x00000000a2400000|100%| O|  |TAMS 0x00000000a2400000, 0x00000000a2300000| Untracked 
| 548|0x00000000a2400000, 0x00000000a2500000, 0x00000000a2500000|100%| O|  |TAMS 0x00000000a2500000, 0x00000000a2400000| Untracked 
| 549|0x00000000a2500000, 0x00000000a2600000, 0x00000000a2600000|100%| O|  |TAMS 0x00000000a2600000, 0x00000000a2500000| Untracked 
| 550|0x00000000a2600000, 0x00000000a2700000, 0x00000000a2700000|100%| O|  |TAMS 0x00000000a2700000, 0x00000000a2600000| Untracked 
| 551|0x00000000a2700000, 0x00000000a2700000, 0x00000000a2800000|  0%| F|  |TAMS 0x00000000a2700000, 0x00000000a2700000| Untracked 
| 552|0x00000000a2800000, 0x00000000a2800000, 0x00000000a2900000|  0%| F|  |TAMS 0x00000000a2800000, 0x00000000a2800000| Untracked 
| 553|0x00000000a2900000, 0x00000000a2a00000, 0x00000000a2a00000|100%| O|  |TAMS 0x00000000a2a00000, 0x00000000a2900000| Untracked 
| 554|0x00000000a2a00000, 0x00000000a2b00000, 0x00000000a2b00000|100%| O|  |TAMS 0x00000000a2b00000, 0x00000000a2a00000| Untracked 
| 555|0x00000000a2b00000, 0x00000000a2c00000, 0x00000000a2c00000|100%| O|  |TAMS 0x00000000a2c00000, 0x00000000a2b00000| Untracked 
| 556|0x00000000a2c00000, 0x00000000a2d00000, 0x00000000a2d00000|100%| O|  |TAMS 0x00000000a2d00000, 0x00000000a2c00000| Complete 
| 557|0x00000000a2d00000, 0x00000000a2d00000, 0x00000000a2e00000|  0%| F|  |TAMS 0x00000000a2d00000, 0x00000000a2d00000| Untracked 
| 558|0x00000000a2e00000, 0x00000000a2f00000, 0x00000000a2f00000|100%| O|  |TAMS 0x00000000a2f00000, 0x00000000a2e00000| Complete 
| 559|0x00000000a2f00000, 0x00000000a3000000, 0x00000000a3000000|100%| O|  |TAMS 0x00000000a3000000, 0x00000000a2f00000| Untracked 
| 560|0x00000000a3000000, 0x00000000a3100000, 0x00000000a3100000|100%| O|  |TAMS 0x00000000a3100000, 0x00000000a3000000| Untracked 
| 561|0x00000000a3100000, 0x00000000a3200000, 0x00000000a3200000|100%| O|  |TAMS 0x00000000a3200000, 0x00000000a3100000| Untracked 
| 562|0x00000000a3200000, 0x00000000a3300000, 0x00000000a3300000|100%| O|  |TAMS 0x00000000a3300000, 0x00000000a3200000| Untracked 
| 563|0x00000000a3300000, 0x00000000a3400000, 0x00000000a3400000|100%| O|  |TAMS 0x00000000a3400000, 0x00000000a3300000| Untracked 
| 564|0x00000000a3400000, 0x00000000a3500000, 0x00000000a3500000|100%| O|  |TAMS 0x00000000a3500000, 0x00000000a3400000| Untracked 
| 565|0x00000000a3500000, 0x00000000a3600000, 0x00000000a3600000|100%| O|  |TAMS 0x00000000a3600000, 0x00000000a3500000| Complete 
| 566|0x00000000a3600000, 0x00000000a3600000, 0x00000000a3700000|  0%| F|  |TAMS 0x00000000a3600000, 0x00000000a3600000| Untracked 
| 567|0x00000000a3700000, 0x00000000a3800000, 0x00000000a3800000|100%| O|  |TAMS 0x00000000a3800000, 0x00000000a3700000| Untracked 
| 568|0x00000000a3800000, 0x00000000a3900000, 0x00000000a3900000|100%| O|  |TAMS 0x00000000a3900000, 0x00000000a3800000| Complete 
| 569|0x00000000a3900000, 0x00000000a3a00000, 0x00000000a3a00000|100%| O|  |TAMS 0x00000000a3a00000, 0x00000000a3900000| Untracked 
| 570|0x00000000a3a00000, 0x00000000a3b00000, 0x00000000a3b00000|100%| O|  |TAMS 0x00000000a3b00000, 0x00000000a3a00000| Untracked 
| 571|0x00000000a3b00000, 0x00000000a3b00000, 0x00000000a3c00000|  0%| F|  |TAMS 0x00000000a3b00000, 0x00000000a3b00000| Untracked 
| 572|0x00000000a3c00000, 0x00000000a3c00000, 0x00000000a3d00000|  0%| F|  |TAMS 0x00000000a3c00000, 0x00000000a3c00000| Untracked 
| 573|0x00000000a3d00000, 0x00000000a3e00000, 0x00000000a3e00000|100%| O|  |TAMS 0x00000000a3e00000, 0x00000000a3d00000| Untracked 
| 574|0x00000000a3e00000, 0x00000000a3e00000, 0x00000000a3f00000|  0%| F|  |TAMS 0x00000000a3e00000, 0x00000000a3e00000| Untracked 
| 575|0x00000000a3f00000, 0x00000000a3f00000, 0x00000000a4000000|  0%| F|  |TAMS 0x00000000a3f00000, 0x00000000a3f00000| Untracked 
| 576|0x00000000a4000000, 0x00000000a4000000, 0x00000000a4100000|  0%| F|  |TAMS 0x00000000a4000000, 0x00000000a4000000| Untracked 
| 577|0x00000000a4100000, 0x00000000a4200000, 0x00000000a4200000|100%| O|  |TAMS 0x00000000a4200000, 0x00000000a4100000| Untracked 
| 578|0x00000000a4200000, 0x00000000a4300000, 0x00000000a4300000|100%| O|  |TAMS 0x00000000a4300000, 0x00000000a4200000| Complete 
| 579|0x00000000a4300000, 0x00000000a4300000, 0x00000000a4400000|  0%| F|  |TAMS 0x00000000a4300000, 0x00000000a4300000| Untracked 
| 580|0x00000000a4400000, 0x00000000a4400000, 0x00000000a4500000|  0%| F|  |TAMS 0x00000000a4400000, 0x00000000a4400000| Untracked 
| 581|0x00000000a4500000, 0x00000000a4600000, 0x00000000a4600000|100%| O|  |TAMS 0x00000000a4600000, 0x00000000a4500000| Untracked 
| 582|0x00000000a4600000, 0x00000000a4600000, 0x00000000a4700000|  0%| F|  |TAMS 0x00000000a4600000, 0x00000000a4600000| Untracked 
| 583|0x00000000a4700000, 0x00000000a4800000, 0x00000000a4800000|100%| O|  |TAMS 0x00000000a4800000, 0x00000000a4700000| Complete 
| 584|0x00000000a4800000, 0x00000000a4800000, 0x00000000a4900000|  0%| F|  |TAMS 0x00000000a4800000, 0x00000000a4800000| Untracked 
| 585|0x00000000a4900000, 0x00000000a4900000, 0x00000000a4a00000|  0%| F|  |TAMS 0x00000000a4900000, 0x00000000a4900000| Untracked 
| 586|0x00000000a4a00000, 0x00000000a4a00000, 0x00000000a4b00000|  0%| F|  |TAMS 0x00000000a4a00000, 0x00000000a4a00000| Untracked 
| 587|0x00000000a4b00000, 0x00000000a4b00000, 0x00000000a4c00000|  0%| F|  |TAMS 0x00000000a4b00000, 0x00000000a4b00000| Untracked 
| 588|0x00000000a4c00000, 0x00000000a4c00000, 0x00000000a4d00000|  0%| F|  |TAMS 0x00000000a4c00000, 0x00000000a4c00000| Untracked 
| 589|0x00000000a4d00000, 0x00000000a4d00000, 0x00000000a4e00000|  0%| F|  |TAMS 0x00000000a4d00000, 0x00000000a4d00000| Untracked 
| 590|0x00000000a4e00000, 0x00000000a4f00000, 0x00000000a4f00000|100%| O|  |TAMS 0x00000000a4f00000, 0x00000000a4e00000| Untracked 
| 591|0x00000000a4f00000, 0x00000000a5000000, 0x00000000a5000000|100%| O|  |TAMS 0x00000000a5000000, 0x00000000a4f00000| Untracked 
| 592|0x00000000a5000000, 0x00000000a5000000, 0x00000000a5100000|  0%| F|  |TAMS 0x00000000a5000000, 0x00000000a5000000| Untracked 
| 593|0x00000000a5100000, 0x00000000a5100000, 0x00000000a5200000|  0%| F|  |TAMS 0x00000000a5100000, 0x00000000a5100000| Untracked 
| 594|0x00000000a5200000, 0x00000000a5300000, 0x00000000a5300000|100%| O|  |TAMS 0x00000000a5300000, 0x00000000a5200000| Untracked 
| 595|0x00000000a5300000, 0x00000000a5400000, 0x00000000a5400000|100%| O|  |TAMS 0x00000000a5400000, 0x00000000a5300000| Untracked 
| 596|0x00000000a5400000, 0x00000000a5500000, 0x00000000a5500000|100%| O|  |TAMS 0x00000000a5500000, 0x00000000a5400000| Untracked 
| 597|0x00000000a5500000, 0x00000000a5500000, 0x00000000a5600000|  0%| F|  |TAMS 0x00000000a5500000, 0x00000000a5500000| Untracked 
| 598|0x00000000a5600000, 0x00000000a5600000, 0x00000000a5700000|  0%| F|  |TAMS 0x00000000a5600000, 0x00000000a5600000| Untracked 
| 599|0x00000000a5700000, 0x00000000a5700000, 0x00000000a5800000|  0%| F|  |TAMS 0x00000000a5700000, 0x00000000a5700000| Untracked 
| 600|0x00000000a5800000, 0x00000000a5900000, 0x00000000a5900000|100%| O|  |TAMS 0x00000000a5900000, 0x00000000a5800000| Untracked 
| 601|0x00000000a5900000, 0x00000000a5900000, 0x00000000a5a00000|  0%| F|  |TAMS 0x00000000a5900000, 0x00000000a5900000| Untracked 
| 602|0x00000000a5a00000, 0x00000000a5b00000, 0x00000000a5b00000|100%| O|  |TAMS 0x00000000a5b00000, 0x00000000a5a00000| Untracked 
| 603|0x00000000a5b00000, 0x00000000a5b00000, 0x00000000a5c00000|  0%| F|  |TAMS 0x00000000a5b00000, 0x00000000a5b00000| Untracked 
| 604|0x00000000a5c00000, 0x00000000a5c00000, 0x00000000a5d00000|  0%| F|  |TAMS 0x00000000a5c00000, 0x00000000a5c00000| Untracked 
| 605|0x00000000a5d00000, 0x00000000a5d00000, 0x00000000a5e00000|  0%| F|  |TAMS 0x00000000a5d00000, 0x00000000a5d00000| Untracked 
| 606|0x00000000a5e00000, 0x00000000a5e00000, 0x00000000a5f00000|  0%| F|  |TAMS 0x00000000a5e00000, 0x00000000a5e00000| Untracked 
| 607|0x00000000a5f00000, 0x00000000a6000000, 0x00000000a6000000|100%| O|  |TAMS 0x00000000a6000000, 0x00000000a5f00000| Complete 
| 608|0x00000000a6000000, 0x00000000a6000000, 0x00000000a6100000|  0%| F|  |TAMS 0x00000000a6000000, 0x00000000a6000000| Untracked 
| 609|0x00000000a6100000, 0x00000000a6100000, 0x00000000a6200000|  0%| F|  |TAMS 0x00000000a6100000, 0x00000000a6100000| Untracked 
| 610|0x00000000a6200000, 0x00000000a6200000, 0x00000000a6300000|  0%| F|  |TAMS 0x00000000a6200000, 0x00000000a6200000| Untracked 
| 611|0x00000000a6300000, 0x00000000a6300000, 0x00000000a6400000|  0%| F|  |TAMS 0x00000000a6300000, 0x00000000a6300000| Untracked 
| 612|0x00000000a6400000, 0x00000000a6400000, 0x00000000a6500000|  0%| F|  |TAMS 0x00000000a6400000, 0x00000000a6400000| Untracked 
| 613|0x00000000a6500000, 0x00000000a6500000, 0x00000000a6600000|  0%| F|  |TAMS 0x00000000a6500000, 0x00000000a6500000| Untracked 
| 614|0x00000000a6600000, 0x00000000a6600000, 0x00000000a6700000|  0%| F|  |TAMS 0x00000000a6600000, 0x00000000a6600000| Untracked 
| 615|0x00000000a6700000, 0x00000000a6700000, 0x00000000a6800000|  0%| F|  |TAMS 0x00000000a6700000, 0x00000000a6700000| Untracked 
| 616|0x00000000a6800000, 0x00000000a6800000, 0x00000000a6900000|  0%| F|  |TAMS 0x00000000a6800000, 0x00000000a6800000| Untracked 
| 617|0x00000000a6900000, 0x00000000a6900000, 0x00000000a6a00000|  0%| F|  |TAMS 0x00000000a6900000, 0x00000000a6900000| Untracked 
| 618|0x00000000a6a00000, 0x00000000a6a00000, 0x00000000a6b00000|  0%| F|  |TAMS 0x00000000a6a00000, 0x00000000a6a00000| Untracked 
| 619|0x00000000a6b00000, 0x00000000a6b00000, 0x00000000a6c00000|  0%| F|  |TAMS 0x00000000a6b00000, 0x00000000a6b00000| Untracked 
| 620|0x00000000a6c00000, 0x00000000a6c00000, 0x00000000a6d00000|  0%| F|  |TAMS 0x00000000a6c00000, 0x00000000a6c00000| Untracked 
| 621|0x00000000a6d00000, 0x00000000a6d00000, 0x00000000a6e00000|  0%| F|  |TAMS 0x00000000a6d00000, 0x00000000a6d00000| Untracked 
| 622|0x00000000a6e00000, 0x00000000a6f00000, 0x00000000a6f00000|100%| O|  |TAMS 0x00000000a6f00000, 0x00000000a6e00000| Complete 
| 623|0x00000000a6f00000, 0x00000000a6f00000, 0x00000000a7000000|  0%| F|  |TAMS 0x00000000a6f00000, 0x00000000a6f00000| Untracked 
| 624|0x00000000a7000000, 0x00000000a7000000, 0x00000000a7100000|  0%| F|  |TAMS 0x00000000a7000000, 0x00000000a7000000| Untracked 
| 625|0x00000000a7100000, 0x00000000a7100000, 0x00000000a7200000|  0%| F|  |TAMS 0x00000000a7100000, 0x00000000a7100000| Untracked 
| 626|0x00000000a7200000, 0x00000000a7200000, 0x00000000a7300000|  0%| F|  |TAMS 0x00000000a7200000, 0x00000000a7200000| Untracked 
| 627|0x00000000a7300000, 0x00000000a7300000, 0x00000000a7400000|  0%| F|  |TAMS 0x00000000a7300000, 0x00000000a7300000| Untracked 
| 628|0x00000000a7400000, 0x00000000a7500000, 0x00000000a7500000|100%| O|  |TAMS 0x00000000a7500000, 0x00000000a7400000| Untracked 
| 629|0x00000000a7500000, 0x00000000a7600000, 0x00000000a7600000|100%| O|  |TAMS 0x00000000a7600000, 0x00000000a7500000| Untracked 
| 630|0x00000000a7600000, 0x00000000a7700000, 0x00000000a7700000|100%| O|  |TAMS 0x00000000a7700000, 0x00000000a7600000| Untracked 
| 631|0x00000000a7700000, 0x00000000a7700000, 0x00000000a7800000|  0%| F|  |TAMS 0x00000000a7700000, 0x00000000a7700000| Untracked 
| 632|0x00000000a7800000, 0x00000000a7900000, 0x00000000a7900000|100%| O|  |TAMS 0x00000000a7900000, 0x00000000a7800000| Complete 
| 633|0x00000000a7900000, 0x00000000a7a00000, 0x00000000a7a00000|100%| O|  |TAMS 0x00000000a7a00000, 0x00000000a7900000| Untracked 
| 634|0x00000000a7a00000, 0x00000000a7a00000, 0x00000000a7b00000|  0%| F|  |TAMS 0x00000000a7a00000, 0x00000000a7a00000| Untracked 
| 635|0x00000000a7b00000, 0x00000000a7b00000, 0x00000000a7c00000|  0%| F|  |TAMS 0x00000000a7b00000, 0x00000000a7b00000| Untracked 
| 636|0x00000000a7c00000, 0x00000000a7d00000, 0x00000000a7d00000|100%| O|  |TAMS 0x00000000a7d00000, 0x00000000a7c00000| Untracked 
| 637|0x00000000a7d00000, 0x00000000a7e00000, 0x00000000a7e00000|100%| O|  |TAMS 0x00000000a7e00000, 0x00000000a7d00000| Untracked 
| 638|0x00000000a7e00000, 0x00000000a7e00000, 0x00000000a7f00000|  0%| F|  |TAMS 0x00000000a7e00000, 0x00000000a7e00000| Untracked 
| 639|0x00000000a7f00000, 0x00000000a7f00000, 0x00000000a8000000|  0%| F|  |TAMS 0x00000000a7f00000, 0x00000000a7f00000| Untracked 
| 640|0x00000000a8000000, 0x00000000a8100000, 0x00000000a8100000|100%| O|  |TAMS 0x00000000a8100000, 0x00000000a8000000| Untracked 
| 641|0x00000000a8100000, 0x00000000a8100000, 0x00000000a8200000|  0%| F|  |TAMS 0x00000000a8100000, 0x00000000a8100000| Untracked 
| 642|0x00000000a8200000, 0x00000000a8300000, 0x00000000a8300000|100%| O|  |TAMS 0x00000000a8300000, 0x00000000a8200000| Untracked 
| 643|0x00000000a8300000, 0x00000000a8300000, 0x00000000a8400000|  0%| F|  |TAMS 0x00000000a8300000, 0x00000000a8300000| Untracked 
| 644|0x00000000a8400000, 0x00000000a8400000, 0x00000000a8500000|  0%| F|  |TAMS 0x00000000a8400000, 0x00000000a8400000| Untracked 
| 645|0x00000000a8500000, 0x00000000a8500000, 0x00000000a8600000|  0%| F|  |TAMS 0x00000000a8500000, 0x00000000a8500000| Untracked 
| 646|0x00000000a8600000, 0x00000000a8600000, 0x00000000a8700000|  0%| F|  |TAMS 0x00000000a8600000, 0x00000000a8600000| Untracked 
| 647|0x00000000a8700000, 0x00000000a8800000, 0x00000000a8800000|100%| O|  |TAMS 0x00000000a8800000, 0x00000000a8700000| Untracked 
| 648|0x00000000a8800000, 0x00000000a8800000, 0x00000000a8900000|  0%| F|  |TAMS 0x00000000a8800000, 0x00000000a8800000| Untracked 
| 649|0x00000000a8900000, 0x00000000a8900000, 0x00000000a8a00000|  0%| F|  |TAMS 0x00000000a8900000, 0x00000000a8900000| Untracked 
| 650|0x00000000a8a00000, 0x00000000a8a00000, 0x00000000a8b00000|  0%| F|  |TAMS 0x00000000a8a00000, 0x00000000a8a00000| Untracked 
| 651|0x00000000a8b00000, 0x00000000a8c00000, 0x00000000a8c00000|100%| O|  |TAMS 0x00000000a8c00000, 0x00000000a8b00000| Untracked 
| 652|0x00000000a8c00000, 0x00000000a8c00000, 0x00000000a8d00000|  0%| F|  |TAMS 0x00000000a8c00000, 0x00000000a8c00000| Untracked 
| 653|0x00000000a8d00000, 0x00000000a8d00000, 0x00000000a8e00000|  0%| F|  |TAMS 0x00000000a8d00000, 0x00000000a8d00000| Untracked 
| 654|0x00000000a8e00000, 0x00000000a8e00000, 0x00000000a8f00000|  0%| F|  |TAMS 0x00000000a8e00000, 0x00000000a8e00000| Untracked 
| 655|0x00000000a8f00000, 0x00000000a8f00000, 0x00000000a9000000|  0%| F|  |TAMS 0x00000000a8f00000, 0x00000000a8f00000| Untracked 
| 656|0x00000000a9000000, 0x00000000a9100000, 0x00000000a9100000|100%| O|  |TAMS 0x00000000a9100000, 0x00000000a9000000| Untracked 
| 657|0x00000000a9100000, 0x00000000a9100000, 0x00000000a9200000|  0%| F|  |TAMS 0x00000000a9100000, 0x00000000a9100000| Untracked 
| 658|0x00000000a9200000, 0x00000000a9200000, 0x00000000a9300000|  0%| F|  |TAMS 0x00000000a9200000, 0x00000000a9200000| Untracked 
| 659|0x00000000a9300000, 0x00000000a9400000, 0x00000000a9400000|100%| O|  |TAMS 0x00000000a9400000, 0x00000000a9300000| Untracked 
| 660|0x00000000a9400000, 0x00000000a9400000, 0x00000000a9500000|  0%| F|  |TAMS 0x00000000a9400000, 0x00000000a9400000| Untracked 
| 661|0x00000000a9500000, 0x00000000a9500000, 0x00000000a9600000|  0%| F|  |TAMS 0x00000000a9500000, 0x00000000a9500000| Untracked 
| 662|0x00000000a9600000, 0x00000000a9700000, 0x00000000a9700000|100%| O|  |TAMS 0x00000000a9700000, 0x00000000a9600000| Complete 
| 663|0x00000000a9700000, 0x00000000a9800000, 0x00000000a9800000|100%| O|  |TAMS 0x00000000a9800000, 0x00000000a9700000| Untracked 
| 664|0x00000000a9800000, 0x00000000a9800000, 0x00000000a9900000|  0%| F|  |TAMS 0x00000000a9800000, 0x00000000a9800000| Untracked 
| 665|0x00000000a9900000, 0x00000000a9a00000, 0x00000000a9a00000|100%| O|  |TAMS 0x00000000a9a00000, 0x00000000a9900000| Complete 
| 666|0x00000000a9a00000, 0x00000000a9a00000, 0x00000000a9b00000|  0%| F|  |TAMS 0x00000000a9a00000, 0x00000000a9a00000| Untracked 
| 667|0x00000000a9b00000, 0x00000000a9b00000, 0x00000000a9c00000|  0%| F|  |TAMS 0x00000000a9b00000, 0x00000000a9b00000| Untracked 
| 668|0x00000000a9c00000, 0x00000000a9d00000, 0x00000000a9d00000|100%| O|  |TAMS 0x00000000a9d00000, 0x00000000a9c00000| Untracked 
| 669|0x00000000a9d00000, 0x00000000a9d00000, 0x00000000a9e00000|  0%| F|  |TAMS 0x00000000a9d00000, 0x00000000a9d00000| Untracked 
| 670|0x00000000a9e00000, 0x00000000a9e00000, 0x00000000a9f00000|  0%| F|  |TAMS 0x00000000a9e00000, 0x00000000a9e00000| Untracked 
| 671|0x00000000a9f00000, 0x00000000a9f00000, 0x00000000aa000000|  0%| F|  |TAMS 0x00000000a9f00000, 0x00000000a9f00000| Untracked 
| 672|0x00000000aa000000, 0x00000000aa000000, 0x00000000aa100000|  0%| F|  |TAMS 0x00000000aa000000, 0x00000000aa000000| Untracked 
| 673|0x00000000aa100000, 0x00000000aa100000, 0x00000000aa200000|  0%| F|  |TAMS 0x00000000aa100000, 0x00000000aa100000| Untracked 
| 674|0x00000000aa200000, 0x00000000aa300000, 0x00000000aa300000|100%| O|  |TAMS 0x00000000aa300000, 0x00000000aa200000| Untracked 
| 675|0x00000000aa300000, 0x00000000aa300000, 0x00000000aa400000|  0%| F|  |TAMS 0x00000000aa300000, 0x00000000aa300000| Untracked 
| 676|0x00000000aa400000, 0x00000000aa400000, 0x00000000aa500000|  0%| F|  |TAMS 0x00000000aa400000, 0x00000000aa400000| Untracked 
| 677|0x00000000aa500000, 0x00000000aa500000, 0x00000000aa600000|  0%| F|  |TAMS 0x00000000aa500000, 0x00000000aa500000| Untracked 
| 678|0x00000000aa600000, 0x00000000aa600000, 0x00000000aa700000|  0%| F|  |TAMS 0x00000000aa600000, 0x00000000aa600000| Untracked 
| 679|0x00000000aa700000, 0x00000000aa700000, 0x00000000aa800000|  0%| F|  |TAMS 0x00000000aa700000, 0x00000000aa700000| Untracked 
| 680|0x00000000aa800000, 0x00000000aa800000, 0x00000000aa900000|  0%| F|  |TAMS 0x00000000aa800000, 0x00000000aa800000| Untracked 
| 681|0x00000000aa900000, 0x00000000aaa00000, 0x00000000aaa00000|100%| O|  |TAMS 0x00000000aaa00000, 0x00000000aa900000| Complete 
| 682|0x00000000aaa00000, 0x00000000aab00000, 0x00000000aab00000|100%| O|  |TAMS 0x00000000aab00000, 0x00000000aaa00000| Untracked 
| 683|0x00000000aab00000, 0x00000000aac00000, 0x00000000aac00000|100%| O|  |TAMS 0x00000000aac00000, 0x00000000aab00000| Untracked 
| 684|0x00000000aac00000, 0x00000000aac00000, 0x00000000aad00000|  0%| F|  |TAMS 0x00000000aac00000, 0x00000000aac00000| Untracked 
| 685|0x00000000aad00000, 0x00000000aae00000, 0x00000000aae00000|100%| O|  |TAMS 0x00000000aae00000, 0x00000000aad00000| Untracked 
| 686|0x00000000aae00000, 0x00000000aae00000, 0x00000000aaf00000|  0%| F|  |TAMS 0x00000000aae00000, 0x00000000aae00000| Untracked 
| 687|0x00000000aaf00000, 0x00000000ab000000, 0x00000000ab000000|100%| O|  |TAMS 0x00000000ab000000, 0x00000000aaf00000| Untracked 
| 688|0x00000000ab000000, 0x00000000ab100000, 0x00000000ab100000|100%| O|  |TAMS 0x00000000ab100000, 0x00000000ab000000| Untracked 
| 689|0x00000000ab100000, 0x00000000ab100000, 0x00000000ab200000|  0%| F|  |TAMS 0x00000000ab100000, 0x00000000ab100000| Untracked 
| 690|0x00000000ab200000, 0x00000000ab300000, 0x00000000ab300000|100%| O|  |TAMS 0x00000000ab300000, 0x00000000ab200000| Untracked 
| 691|0x00000000ab300000, 0x00000000ab400000, 0x00000000ab400000|100%| O|  |TAMS 0x00000000ab400000, 0x00000000ab300000| Untracked 
| 692|0x00000000ab400000, 0x00000000ab500000, 0x00000000ab500000|100%| O|  |TAMS 0x00000000ab500000, 0x00000000ab400000| Untracked 
| 693|0x00000000ab500000, 0x00000000ab500000, 0x00000000ab600000|  0%| F|  |TAMS 0x00000000ab500000, 0x00000000ab500000| Untracked 
| 694|0x00000000ab600000, 0x00000000ab600000, 0x00000000ab700000|  0%| F|  |TAMS 0x00000000ab600000, 0x00000000ab600000| Untracked 
| 695|0x00000000ab700000, 0x00000000ab800000, 0x00000000ab800000|100%| O|  |TAMS 0x00000000ab800000, 0x00000000ab700000| Untracked 
| 696|0x00000000ab800000, 0x00000000ab800000, 0x00000000ab900000|  0%| F|  |TAMS 0x00000000ab800000, 0x00000000ab800000| Untracked 
| 697|0x00000000ab900000, 0x00000000ab900000, 0x00000000aba00000|  0%| F|  |TAMS 0x00000000ab900000, 0x00000000ab900000| Untracked 
| 698|0x00000000aba00000, 0x00000000abb00000, 0x00000000abb00000|100%| O|  |TAMS 0x00000000abb00000, 0x00000000aba00000| Complete 
| 699|0x00000000abb00000, 0x00000000abb00000, 0x00000000abc00000|  0%| F|  |TAMS 0x00000000abb00000, 0x00000000abb00000| Untracked 
| 700|0x00000000abc00000, 0x00000000abc00000, 0x00000000abd00000|  0%| F|  |TAMS 0x00000000abc00000, 0x00000000abc00000| Untracked 
| 701|0x00000000abd00000, 0x00000000abd00000, 0x00000000abe00000|  0%| F|  |TAMS 0x00000000abd00000, 0x00000000abd00000| Untracked 
| 702|0x00000000abe00000, 0x00000000abe00000, 0x00000000abf00000|  0%| F|  |TAMS 0x00000000abe00000, 0x00000000abe00000| Untracked 
| 703|0x00000000abf00000, 0x00000000abf00000, 0x00000000ac000000|  0%| F|  |TAMS 0x00000000abf00000, 0x00000000abf00000| Untracked 
| 704|0x00000000ac000000, 0x00000000ac000000, 0x00000000ac100000|  0%| F|  |TAMS 0x00000000ac000000, 0x00000000ac000000| Untracked 
| 705|0x00000000ac100000, 0x00000000ac100000, 0x00000000ac200000|  0%| F|  |TAMS 0x00000000ac100000, 0x00000000ac100000| Untracked 
| 706|0x00000000ac200000, 0x00000000ac200000, 0x00000000ac300000|  0%| F|  |TAMS 0x00000000ac200000, 0x00000000ac200000| Untracked 
| 707|0x00000000ac300000, 0x00000000ac300000, 0x00000000ac400000|  0%| F|  |TAMS 0x00000000ac300000, 0x00000000ac300000| Untracked 
| 708|0x00000000ac400000, 0x00000000ac400000, 0x00000000ac500000|  0%| F|  |TAMS 0x00000000ac400000, 0x00000000ac400000| Untracked 
| 709|0x00000000ac500000, 0x00000000ac500000, 0x00000000ac600000|  0%| F|  |TAMS 0x00000000ac500000, 0x00000000ac500000| Untracked 
| 710|0x00000000ac600000, 0x00000000ac600000, 0x00000000ac700000|  0%| F|  |TAMS 0x00000000ac600000, 0x00000000ac600000| Untracked 
| 711|0x00000000ac700000, 0x00000000ac700000, 0x00000000ac800000|  0%| F|  |TAMS 0x00000000ac700000, 0x00000000ac700000| Untracked 
| 712|0x00000000ac800000, 0x00000000ac900000, 0x00000000ac900000|100%| O|  |TAMS 0x00000000ac900000, 0x00000000ac800000| Untracked 
| 713|0x00000000ac900000, 0x00000000aca00000, 0x00000000aca00000|100%| O|  |TAMS 0x00000000aca00000, 0x00000000ac900000| Untracked 
| 714|0x00000000aca00000, 0x00000000acb00000, 0x00000000acb00000|100%| O|  |TAMS 0x00000000acb00000, 0x00000000aca00000| Untracked 
| 715|0x00000000acb00000, 0x00000000acc00000, 0x00000000acc00000|100%| O|  |TAMS 0x00000000acc00000, 0x00000000acb00000| Untracked 
| 716|0x00000000acc00000, 0x00000000acd00000, 0x00000000acd00000|100%| O|  |TAMS 0x00000000acd00000, 0x00000000acc00000| Untracked 
| 717|0x00000000acd00000, 0x00000000ace00000, 0x00000000ace00000|100%| O|  |TAMS 0x00000000ace00000, 0x00000000acd00000| Untracked 
| 718|0x00000000ace00000, 0x00000000acf00000, 0x00000000acf00000|100%| O|  |TAMS 0x00000000acf00000, 0x00000000ace00000| Untracked 
| 719|0x00000000acf00000, 0x00000000ad000000, 0x00000000ad000000|100%| O|  |TAMS 0x00000000ad000000, 0x00000000acf00000| Untracked 
| 720|0x00000000ad000000, 0x00000000ad100000, 0x00000000ad100000|100%| O|  |TAMS 0x00000000ad100000, 0x00000000ad000000| Untracked 
| 721|0x00000000ad100000, 0x00000000ad200000, 0x00000000ad200000|100%| O|  |TAMS 0x00000000ad200000, 0x00000000ad100000| Untracked 
| 722|0x00000000ad200000, 0x00000000ad300000, 0x00000000ad300000|100%| O|  |TAMS 0x00000000ad300000, 0x00000000ad200000| Untracked 
| 723|0x00000000ad300000, 0x00000000ad300000, 0x00000000ad400000|  0%| F|  |TAMS 0x00000000ad300000, 0x00000000ad300000| Untracked 
| 724|0x00000000ad400000, 0x00000000ad400000, 0x00000000ad500000|  0%| F|  |TAMS 0x00000000ad400000, 0x00000000ad400000| Untracked 
| 725|0x00000000ad500000, 0x00000000ad500000, 0x00000000ad600000|  0%| F|  |TAMS 0x00000000ad500000, 0x00000000ad500000| Untracked 
| 726|0x00000000ad600000, 0x00000000ad600000, 0x00000000ad700000|  0%| F|  |TAMS 0x00000000ad600000, 0x00000000ad600000| Untracked 
| 727|0x00000000ad700000, 0x00000000ad700000, 0x00000000ad800000|  0%| F|  |TAMS 0x00000000ad700000, 0x00000000ad700000| Untracked 
| 728|0x00000000ad800000, 0x00000000ad900000, 0x00000000ad900000|100%| O|  |TAMS 0x00000000ad900000, 0x00000000ad800000| Complete 
| 729|0x00000000ad900000, 0x00000000ad900000, 0x00000000ada00000|  0%| F|  |TAMS 0x00000000ad900000, 0x00000000ad900000| Untracked 
| 730|0x00000000ada00000, 0x00000000ada00000, 0x00000000adb00000|  0%| F|  |TAMS 0x00000000ada00000, 0x00000000ada00000| Untracked 
| 731|0x00000000adb00000, 0x00000000adb00000, 0x00000000adc00000|  0%| F|  |TAMS 0x00000000adb00000, 0x00000000adb00000| Untracked 
| 732|0x00000000adc00000, 0x00000000adc00000, 0x00000000add00000|  0%| F|  |TAMS 0x00000000adc00000, 0x00000000adc00000| Untracked 
| 733|0x00000000add00000, 0x00000000add00000, 0x00000000ade00000|  0%| F|  |TAMS 0x00000000add00000, 0x00000000add00000| Untracked 
| 734|0x00000000ade00000, 0x00000000ade00000, 0x00000000adf00000|  0%| F|  |TAMS 0x00000000ade00000, 0x00000000ade00000| Untracked 
| 735|0x00000000adf00000, 0x00000000adf00000, 0x00000000ae000000|  0%| F|  |TAMS 0x00000000adf00000, 0x00000000adf00000| Untracked 
| 736|0x00000000ae000000, 0x00000000ae000000, 0x00000000ae100000|  0%| F|  |TAMS 0x00000000ae000000, 0x00000000ae000000| Untracked 
| 737|0x00000000ae100000, 0x00000000ae200000, 0x00000000ae200000|100%| O|  |TAMS 0x00000000ae200000, 0x00000000ae100000| Untracked 
| 738|0x00000000ae200000, 0x00000000ae300000, 0x00000000ae300000|100%| O|  |TAMS 0x00000000ae300000, 0x00000000ae200000| Untracked 
| 739|0x00000000ae300000, 0x00000000ae300000, 0x00000000ae400000|  0%| F|  |TAMS 0x00000000ae300000, 0x00000000ae300000| Untracked 
| 740|0x00000000ae400000, 0x00000000ae400000, 0x00000000ae500000|  0%| F|  |TAMS 0x00000000ae400000, 0x00000000ae400000| Untracked 
| 741|0x00000000ae500000, 0x00000000ae500000, 0x00000000ae600000|  0%| F|  |TAMS 0x00000000ae500000, 0x00000000ae500000| Untracked 
| 742|0x00000000ae600000, 0x00000000ae600000, 0x00000000ae700000|  0%| F|  |TAMS 0x00000000ae600000, 0x00000000ae600000| Untracked 
| 743|0x00000000ae700000, 0x00000000ae700000, 0x00000000ae800000|  0%| F|  |TAMS 0x00000000ae700000, 0x00000000ae700000| Untracked 
| 744|0x00000000ae800000, 0x00000000ae800000, 0x00000000ae900000|  0%| F|  |TAMS 0x00000000ae800000, 0x00000000ae800000| Untracked 
| 745|0x00000000ae900000, 0x00000000ae900000, 0x00000000aea00000|  0%| F|  |TAMS 0x00000000ae900000, 0x00000000ae900000| Untracked 
| 746|0x00000000aea00000, 0x00000000aea00000, 0x00000000aeb00000|  0%| F|  |TAMS 0x00000000aea00000, 0x00000000aea00000| Untracked 
| 747|0x00000000aeb00000, 0x00000000aeb00000, 0x00000000aec00000|  0%| F|  |TAMS 0x00000000aeb00000, 0x00000000aeb00000| Untracked 
| 748|0x00000000aec00000, 0x00000000aec00000, 0x00000000aed00000|  0%| F|  |TAMS 0x00000000aec00000, 0x00000000aec00000| Untracked 
| 749|0x00000000aed00000, 0x00000000aed00000, 0x00000000aee00000|  0%| F|  |TAMS 0x00000000aed00000, 0x00000000aed00000| Untracked 
| 750|0x00000000aee00000, 0x00000000aee00000, 0x00000000aef00000|  0%| F|  |TAMS 0x00000000aee00000, 0x00000000aee00000| Untracked 
| 751|0x00000000aef00000, 0x00000000aef00000, 0x00000000af000000|  0%| F|  |TAMS 0x00000000aef00000, 0x00000000aef00000| Untracked 
| 752|0x00000000af000000, 0x00000000af000000, 0x00000000af100000|  0%| F|  |TAMS 0x00000000af000000, 0x00000000af000000| Untracked 
| 753|0x00000000af100000, 0x00000000af100000, 0x00000000af200000|  0%| F|  |TAMS 0x00000000af100000, 0x00000000af100000| Untracked 
| 754|0x00000000af200000, 0x00000000af200000, 0x00000000af300000|  0%| F|  |TAMS 0x00000000af200000, 0x00000000af200000| Untracked 
| 755|0x00000000af300000, 0x00000000af300000, 0x00000000af400000|  0%| F|  |TAMS 0x00000000af300000, 0x00000000af300000| Untracked 
| 756|0x00000000af400000, 0x00000000af400000, 0x00000000af500000|  0%| F|  |TAMS 0x00000000af400000, 0x00000000af400000| Untracked 
| 757|0x00000000af500000, 0x00000000af600000, 0x00000000af600000|100%| O|  |TAMS 0x00000000af600000, 0x00000000af500000| Untracked 
| 758|0x00000000af600000, 0x00000000af600000, 0x00000000af700000|  0%| F|  |TAMS 0x00000000af600000, 0x00000000af600000| Untracked 
| 759|0x00000000af700000, 0x00000000af700000, 0x00000000af800000|  0%| F|  |TAMS 0x00000000af700000, 0x00000000af700000| Untracked 
| 760|0x00000000af800000, 0x00000000af800000, 0x00000000af900000|  0%| F|  |TAMS 0x00000000af800000, 0x00000000af800000| Untracked 
| 761|0x00000000af900000, 0x00000000af900000, 0x00000000afa00000|  0%| F|  |TAMS 0x00000000af900000, 0x00000000af900000| Untracked 
| 762|0x00000000afa00000, 0x00000000afa00000, 0x00000000afb00000|  0%| F|  |TAMS 0x00000000afa00000, 0x00000000afa00000| Untracked 
| 763|0x00000000afb00000, 0x00000000afb00000, 0x00000000afc00000|  0%| F|  |TAMS 0x00000000afb00000, 0x00000000afb00000| Untracked 
| 764|0x00000000afc00000, 0x00000000afc00000, 0x00000000afd00000|  0%| F|  |TAMS 0x00000000afc00000, 0x00000000afc00000| Untracked 
| 765|0x00000000afd00000, 0x00000000afd00000, 0x00000000afe00000|  0%| F|  |TAMS 0x00000000afd00000, 0x00000000afd00000| Untracked 
| 766|0x00000000afe00000, 0x00000000afe00000, 0x00000000aff00000|  0%| F|  |TAMS 0x00000000afe00000, 0x00000000afe00000| Untracked 
| 767|0x00000000aff00000, 0x00000000aff00000, 0x00000000b0000000|  0%| F|  |TAMS 0x00000000aff00000, 0x00000000aff00000| Untracked 
| 768|0x00000000b0000000, 0x00000000b0000000, 0x00000000b0100000|  0%| F|  |TAMS 0x00000000b0000000, 0x00000000b0000000| Untracked 
| 769|0x00000000b0100000, 0x00000000b0100000, 0x00000000b0200000|  0%| F|  |TAMS 0x00000000b0100000, 0x00000000b0100000| Untracked 
| 770|0x00000000b0200000, 0x00000000b0200000, 0x00000000b0300000|  0%| F|  |TAMS 0x00000000b0200000, 0x00000000b0200000| Untracked 
| 771|0x00000000b0300000, 0x00000000b0300000, 0x00000000b0400000|  0%| F|  |TAMS 0x00000000b0300000, 0x00000000b0300000| Untracked 
| 772|0x00000000b0400000, 0x00000000b0400000, 0x00000000b0500000|  0%| F|  |TAMS 0x00000000b0400000, 0x00000000b0400000| Untracked 
| 773|0x00000000b0500000, 0x00000000b0500000, 0x00000000b0600000|  0%| F|  |TAMS 0x00000000b0500000, 0x00000000b0500000| Untracked 
| 774|0x00000000b0600000, 0x00000000b0600000, 0x00000000b0700000|  0%| F|  |TAMS 0x00000000b0600000, 0x00000000b0600000| Untracked 
| 775|0x00000000b0700000, 0x00000000b0700000, 0x00000000b0800000|  0%| F|  |TAMS 0x00000000b0700000, 0x00000000b0700000| Untracked 
| 776|0x00000000b0800000, 0x00000000b0800000, 0x00000000b0900000|  0%| F|  |TAMS 0x00000000b0800000, 0x00000000b0800000| Untracked 
| 777|0x00000000b0900000, 0x00000000b0900000, 0x00000000b0a00000|  0%| F|  |TAMS 0x00000000b0900000, 0x00000000b0900000| Untracked 
| 778|0x00000000b0a00000, 0x00000000b0a00000, 0x00000000b0b00000|  0%| F|  |TAMS 0x00000000b0a00000, 0x00000000b0a00000| Untracked 
| 779|0x00000000b0b00000, 0x00000000b0b00000, 0x00000000b0c00000|  0%| F|  |TAMS 0x00000000b0b00000, 0x00000000b0b00000| Untracked 
| 780|0x00000000b0c00000, 0x00000000b0c00000, 0x00000000b0d00000|  0%| F|  |TAMS 0x00000000b0c00000, 0x00000000b0c00000| Untracked 
| 781|0x00000000b0d00000, 0x00000000b0d00000, 0x00000000b0e00000|  0%| F|  |TAMS 0x00000000b0d00000, 0x00000000b0d00000| Untracked 
| 782|0x00000000b0e00000, 0x00000000b0e00000, 0x00000000b0f00000|  0%| F|  |TAMS 0x00000000b0e00000, 0x00000000b0e00000| Untracked 
| 783|0x00000000b0f00000, 0x00000000b0f00000, 0x00000000b1000000|  0%| F|  |TAMS 0x00000000b0f00000, 0x00000000b0f00000| Untracked 
| 784|0x00000000b1000000, 0x00000000b1000000, 0x00000000b1100000|  0%| F|  |TAMS 0x00000000b1000000, 0x00000000b1000000| Untracked 
| 785|0x00000000b1100000, 0x00000000b1100000, 0x00000000b1200000|  0%| F|  |TAMS 0x00000000b1100000, 0x00000000b1100000| Untracked 
| 786|0x00000000b1200000, 0x00000000b1200000, 0x00000000b1300000|  0%| F|  |TAMS 0x00000000b1200000, 0x00000000b1200000| Untracked 
| 787|0x00000000b1300000, 0x00000000b1300000, 0x00000000b1400000|  0%| F|  |TAMS 0x00000000b1300000, 0x00000000b1300000| Untracked 
| 788|0x00000000b1400000, 0x00000000b1400000, 0x00000000b1500000|  0%| F|  |TAMS 0x00000000b1400000, 0x00000000b1400000| Untracked 
| 789|0x00000000b1500000, 0x00000000b1500000, 0x00000000b1600000|  0%| F|  |TAMS 0x00000000b1500000, 0x00000000b1500000| Untracked 
| 790|0x00000000b1600000, 0x00000000b1600000, 0x00000000b1700000|  0%| F|  |TAMS 0x00000000b1600000, 0x00000000b1600000| Untracked 
| 791|0x00000000b1700000, 0x00000000b1700000, 0x00000000b1800000|  0%| F|  |TAMS 0x00000000b1700000, 0x00000000b1700000| Untracked 
| 792|0x00000000b1800000, 0x00000000b1800000, 0x00000000b1900000|  0%| F|  |TAMS 0x00000000b1800000, 0x00000000b1800000| Untracked 
| 793|0x00000000b1900000, 0x00000000b1900000, 0x00000000b1a00000|  0%| F|  |TAMS 0x00000000b1900000, 0x00000000b1900000| Untracked 
| 794|0x00000000b1a00000, 0x00000000b1a00000, 0x00000000b1b00000|  0%| F|  |TAMS 0x00000000b1a00000, 0x00000000b1a00000| Untracked 
| 795|0x00000000b1b00000, 0x00000000b1b00000, 0x00000000b1c00000|  0%| F|  |TAMS 0x00000000b1b00000, 0x00000000b1b00000| Untracked 
| 796|0x00000000b1c00000, 0x00000000b1c00000, 0x00000000b1d00000|  0%| F|  |TAMS 0x00000000b1c00000, 0x00000000b1c00000| Untracked 
| 797|0x00000000b1d00000, 0x00000000b1d00000, 0x00000000b1e00000|  0%| F|  |TAMS 0x00000000b1d00000, 0x00000000b1d00000| Untracked 
| 798|0x00000000b1e00000, 0x00000000b1e00000, 0x00000000b1f00000|  0%| F|  |TAMS 0x00000000b1e00000, 0x00000000b1e00000| Untracked 
| 799|0x00000000b1f00000, 0x00000000b1f00000, 0x00000000b2000000|  0%| F|  |TAMS 0x00000000b1f00000, 0x00000000b1f00000| Untracked 
| 800|0x00000000b2000000, 0x00000000b2000000, 0x00000000b2100000|  0%| F|  |TAMS 0x00000000b2000000, 0x00000000b2000000| Untracked 
| 801|0x00000000b2100000, 0x00000000b2100000, 0x00000000b2200000|  0%| F|  |TAMS 0x00000000b2100000, 0x00000000b2100000| Untracked 
| 802|0x00000000b2200000, 0x00000000b2200000, 0x00000000b2300000|  0%| F|  |TAMS 0x00000000b2200000, 0x00000000b2200000| Untracked 
| 803|0x00000000b2300000, 0x00000000b2300000, 0x00000000b2400000|  0%| F|  |TAMS 0x00000000b2300000, 0x00000000b2300000| Untracked 
| 804|0x00000000b2400000, 0x00000000b2400000, 0x00000000b2500000|  0%| F|  |TAMS 0x00000000b2400000, 0x00000000b2400000| Untracked 
| 805|0x00000000b2500000, 0x00000000b2500000, 0x00000000b2600000|  0%| F|  |TAMS 0x00000000b2500000, 0x00000000b2500000| Untracked 
| 806|0x00000000b2600000, 0x00000000b2600000, 0x00000000b2700000|  0%| F|  |TAMS 0x00000000b2600000, 0x00000000b2600000| Untracked 
| 807|0x00000000b2700000, 0x00000000b2700000, 0x00000000b2800000|  0%| F|  |TAMS 0x00000000b2700000, 0x00000000b2700000| Untracked 
| 808|0x00000000b2800000, 0x00000000b2800000, 0x00000000b2900000|  0%| F|  |TAMS 0x00000000b2800000, 0x00000000b2800000| Untracked 
| 809|0x00000000b2900000, 0x00000000b2900000, 0x00000000b2a00000|  0%| F|  |TAMS 0x00000000b2900000, 0x00000000b2900000| Untracked 
| 810|0x00000000b2a00000, 0x00000000b2a00000, 0x00000000b2b00000|  0%| F|  |TAMS 0x00000000b2a00000, 0x00000000b2a00000| Untracked 
| 811|0x00000000b2b00000, 0x00000000b2b00000, 0x00000000b2c00000|  0%| F|  |TAMS 0x00000000b2b00000, 0x00000000b2b00000| Untracked 
| 812|0x00000000b2c00000, 0x00000000b2c00000, 0x00000000b2d00000|  0%| F|  |TAMS 0x00000000b2c00000, 0x00000000b2c00000| Untracked 
| 813|0x00000000b2d00000, 0x00000000b2d00000, 0x00000000b2e00000|  0%| F|  |TAMS 0x00000000b2d00000, 0x00000000b2d00000| Untracked 
| 814|0x00000000b2e00000, 0x00000000b2e00000, 0x00000000b2f00000|  0%| F|  |TAMS 0x00000000b2e00000, 0x00000000b2e00000| Untracked 
| 815|0x00000000b2f00000, 0x00000000b2f00000, 0x00000000b3000000|  0%| F|  |TAMS 0x00000000b2f00000, 0x00000000b2f00000| Untracked 
| 816|0x00000000b3000000, 0x00000000b3000000, 0x00000000b3100000|  0%| F|  |TAMS 0x00000000b3000000, 0x00000000b3000000| Untracked 
| 817|0x00000000b3100000, 0x00000000b3100000, 0x00000000b3200000|  0%| F|  |TAMS 0x00000000b3100000, 0x00000000b3100000| Untracked 
| 818|0x00000000b3200000, 0x00000000b3200000, 0x00000000b3300000|  0%| F|  |TAMS 0x00000000b3200000, 0x00000000b3200000| Untracked 
| 819|0x00000000b3300000, 0x00000000b3300000, 0x00000000b3400000|  0%| F|  |TAMS 0x00000000b3300000, 0x00000000b3300000| Untracked 
| 820|0x00000000b3400000, 0x00000000b3400000, 0x00000000b3500000|  0%| F|  |TAMS 0x00000000b3400000, 0x00000000b3400000| Untracked 
| 821|0x00000000b3500000, 0x00000000b3500000, 0x00000000b3600000|  0%| F|  |TAMS 0x00000000b3500000, 0x00000000b3500000| Untracked 
| 822|0x00000000b3600000, 0x00000000b3600000, 0x00000000b3700000|  0%| F|  |TAMS 0x00000000b3600000, 0x00000000b3600000| Untracked 
| 823|0x00000000b3700000, 0x00000000b3700000, 0x00000000b3800000|  0%| F|  |TAMS 0x00000000b3700000, 0x00000000b3700000| Untracked 
| 824|0x00000000b3800000, 0x00000000b3800000, 0x00000000b3900000|  0%| F|  |TAMS 0x00000000b3800000, 0x00000000b3800000| Untracked 
| 825|0x00000000b3900000, 0x00000000b3900000, 0x00000000b3a00000|  0%| F|  |TAMS 0x00000000b3900000, 0x00000000b3900000| Untracked 
| 826|0x00000000b3a00000, 0x00000000b3a00000, 0x00000000b3b00000|  0%| F|  |TAMS 0x00000000b3a00000, 0x00000000b3a00000| Untracked 
| 827|0x00000000b3b00000, 0x00000000b3b00000, 0x00000000b3c00000|  0%| F|  |TAMS 0x00000000b3b00000, 0x00000000b3b00000| Untracked 
| 828|0x00000000b3c00000, 0x00000000b3c00000, 0x00000000b3d00000|  0%| F|  |TAMS 0x00000000b3c00000, 0x00000000b3c00000| Untracked 
| 829|0x00000000b3d00000, 0x00000000b3d00000, 0x00000000b3e00000|  0%| F|  |TAMS 0x00000000b3d00000, 0x00000000b3d00000| Untracked 
| 830|0x00000000b3e00000, 0x00000000b3e00000, 0x00000000b3f00000|  0%| F|  |TAMS 0x00000000b3e00000, 0x00000000b3e00000| Untracked 
| 831|0x00000000b3f00000, 0x00000000b3f00000, 0x00000000b4000000|  0%| F|  |TAMS 0x00000000b3f00000, 0x00000000b3f00000| Untracked 
| 832|0x00000000b4000000, 0x00000000b4000000, 0x00000000b4100000|  0%| F|  |TAMS 0x00000000b4000000, 0x00000000b4000000| Untracked 
| 833|0x00000000b4100000, 0x00000000b4100000, 0x00000000b4200000|  0%| F|  |TAMS 0x00000000b4100000, 0x00000000b4100000| Untracked 
| 834|0x00000000b4200000, 0x00000000b4200000, 0x00000000b4300000|  0%| F|  |TAMS 0x00000000b4200000, 0x00000000b4200000| Untracked 
| 835|0x00000000b4300000, 0x00000000b4300000, 0x00000000b4400000|  0%| F|  |TAMS 0x00000000b4300000, 0x00000000b4300000| Untracked 
| 836|0x00000000b4400000, 0x00000000b4400000, 0x00000000b4500000|  0%| F|  |TAMS 0x00000000b4400000, 0x00000000b4400000| Untracked 
| 837|0x00000000b4500000, 0x00000000b4500000, 0x00000000b4600000|  0%| F|  |TAMS 0x00000000b4500000, 0x00000000b4500000| Untracked 
| 838|0x00000000b4600000, 0x00000000b4600000, 0x00000000b4700000|  0%| F|  |TAMS 0x00000000b4600000, 0x00000000b4600000| Untracked 
| 839|0x00000000b4700000, 0x00000000b4700000, 0x00000000b4800000|  0%| F|  |TAMS 0x00000000b4700000, 0x00000000b4700000| Untracked 
| 840|0x00000000b4800000, 0x00000000b4800000, 0x00000000b4900000|  0%| F|  |TAMS 0x00000000b4800000, 0x00000000b4800000| Untracked 
| 841|0x00000000b4900000, 0x00000000b4900000, 0x00000000b4a00000|  0%| F|  |TAMS 0x00000000b4900000, 0x00000000b4900000| Untracked 
| 842|0x00000000b4a00000, 0x00000000b4a00000, 0x00000000b4b00000|  0%| F|  |TAMS 0x00000000b4a00000, 0x00000000b4a00000| Untracked 
| 843|0x00000000b4b00000, 0x00000000b4b00000, 0x00000000b4c00000|  0%| F|  |TAMS 0x00000000b4b00000, 0x00000000b4b00000| Untracked 
| 844|0x00000000b4c00000, 0x00000000b4c00000, 0x00000000b4d00000|  0%| F|  |TAMS 0x00000000b4c00000, 0x00000000b4c00000| Untracked 
| 845|0x00000000b4d00000, 0x00000000b4d00000, 0x00000000b4e00000|  0%| F|  |TAMS 0x00000000b4d00000, 0x00000000b4d00000| Untracked 
| 846|0x00000000b4e00000, 0x00000000b4e00000, 0x00000000b4f00000|  0%| F|  |TAMS 0x00000000b4e00000, 0x00000000b4e00000| Untracked 
| 847|0x00000000b4f00000, 0x00000000b4f00000, 0x00000000b5000000|  0%| F|  |TAMS 0x00000000b4f00000, 0x00000000b4f00000| Untracked 
| 848|0x00000000b5000000, 0x00000000b5000000, 0x00000000b5100000|  0%| F|  |TAMS 0x00000000b5000000, 0x00000000b5000000| Untracked 
| 849|0x00000000b5100000, 0x00000000b5100000, 0x00000000b5200000|  0%| F|  |TAMS 0x00000000b5100000, 0x00000000b5100000| Untracked 
| 850|0x00000000b5200000, 0x00000000b5200000, 0x00000000b5300000|  0%| F|  |TAMS 0x00000000b5200000, 0x00000000b5200000| Untracked 
| 851|0x00000000b5300000, 0x00000000b5300000, 0x00000000b5400000|  0%| F|  |TAMS 0x00000000b5300000, 0x00000000b5300000| Untracked 
| 852|0x00000000b5400000, 0x00000000b5400000, 0x00000000b5500000|  0%| F|  |TAMS 0x00000000b5400000, 0x00000000b5400000| Untracked 
| 853|0x00000000b5500000, 0x00000000b5500000, 0x00000000b5600000|  0%| F|  |TAMS 0x00000000b5500000, 0x00000000b5500000| Untracked 
| 854|0x00000000b5600000, 0x00000000b5600000, 0x00000000b5700000|  0%| F|  |TAMS 0x00000000b5600000, 0x00000000b5600000| Untracked 
| 855|0x00000000b5700000, 0x00000000b5700000, 0x00000000b5800000|  0%| F|  |TAMS 0x00000000b5700000, 0x00000000b5700000| Untracked 
| 856|0x00000000b5800000, 0x00000000b5800000, 0x00000000b5900000|  0%| F|  |TAMS 0x00000000b5800000, 0x00000000b5800000| Untracked 
| 857|0x00000000b5900000, 0x00000000b5900000, 0x00000000b5a00000|  0%| F|  |TAMS 0x00000000b5900000, 0x00000000b5900000| Untracked 
| 858|0x00000000b5a00000, 0x00000000b5a00000, 0x00000000b5b00000|  0%| F|  |TAMS 0x00000000b5a00000, 0x00000000b5a00000| Untracked 
| 859|0x00000000b5b00000, 0x00000000b5b00000, 0x00000000b5c00000|  0%| F|  |TAMS 0x00000000b5b00000, 0x00000000b5b00000| Untracked 
| 860|0x00000000b5c00000, 0x00000000b5c00000, 0x00000000b5d00000|  0%| F|  |TAMS 0x00000000b5c00000, 0x00000000b5c00000| Untracked 
| 861|0x00000000b5d00000, 0x00000000b5d00000, 0x00000000b5e00000|  0%| F|  |TAMS 0x00000000b5d00000, 0x00000000b5d00000| Untracked 
| 862|0x00000000b5e00000, 0x00000000b5e00000, 0x00000000b5f00000|  0%| F|  |TAMS 0x00000000b5e00000, 0x00000000b5e00000| Untracked 
| 863|0x00000000b5f00000, 0x00000000b5f00000, 0x00000000b6000000|  0%| F|  |TAMS 0x00000000b5f00000, 0x00000000b5f00000| Untracked 
| 864|0x00000000b6000000, 0x00000000b6000000, 0x00000000b6100000|  0%| F|  |TAMS 0x00000000b6000000, 0x00000000b6000000| Untracked 
| 865|0x00000000b6100000, 0x00000000b6100000, 0x00000000b6200000|  0%| F|  |TAMS 0x00000000b6100000, 0x00000000b6100000| Untracked 
| 866|0x00000000b6200000, 0x00000000b6200000, 0x00000000b6300000|  0%| F|  |TAMS 0x00000000b6200000, 0x00000000b6200000| Untracked 
| 867|0x00000000b6300000, 0x00000000b6300000, 0x00000000b6400000|  0%| F|  |TAMS 0x00000000b6300000, 0x00000000b6300000| Untracked 
| 868|0x00000000b6400000, 0x00000000b6400000, 0x00000000b6500000|  0%| F|  |TAMS 0x00000000b6400000, 0x00000000b6400000| Untracked 
| 869|0x00000000b6500000, 0x00000000b6500000, 0x00000000b6600000|  0%| F|  |TAMS 0x00000000b6500000, 0x00000000b6500000| Untracked 
| 870|0x00000000b6600000, 0x00000000b6600000, 0x00000000b6700000|  0%| F|  |TAMS 0x00000000b6600000, 0x00000000b6600000| Untracked 
| 871|0x00000000b6700000, 0x00000000b6700000, 0x00000000b6800000|  0%| F|  |TAMS 0x00000000b6700000, 0x00000000b6700000| Untracked 
| 872|0x00000000b6800000, 0x00000000b6800000, 0x00000000b6900000|  0%| F|  |TAMS 0x00000000b6800000, 0x00000000b6800000| Untracked 
| 873|0x00000000b6900000, 0x00000000b6900000, 0x00000000b6a00000|  0%| F|  |TAMS 0x00000000b6900000, 0x00000000b6900000| Untracked 
| 874|0x00000000b6a00000, 0x00000000b6a00000, 0x00000000b6b00000|  0%| F|  |TAMS 0x00000000b6a00000, 0x00000000b6a00000| Untracked 
| 875|0x00000000b6b00000, 0x00000000b6b00000, 0x00000000b6c00000|  0%| F|  |TAMS 0x00000000b6b00000, 0x00000000b6b00000| Untracked 
| 876|0x00000000b6c00000, 0x00000000b6c00000, 0x00000000b6d00000|  0%| F|  |TAMS 0x00000000b6c00000, 0x00000000b6c00000| Untracked 
| 877|0x00000000b6d00000, 0x00000000b6d00000, 0x00000000b6e00000|  0%| F|  |TAMS 0x00000000b6d00000, 0x00000000b6d00000| Untracked 
| 878|0x00000000b6e00000, 0x00000000b6e00000, 0x00000000b6f00000|  0%| F|  |TAMS 0x00000000b6e00000, 0x00000000b6e00000| Untracked 
| 879|0x00000000b6f00000, 0x00000000b6f00000, 0x00000000b7000000|  0%| F|  |TAMS 0x00000000b6f00000, 0x00000000b6f00000| Untracked 
| 880|0x00000000b7000000, 0x00000000b7000000, 0x00000000b7100000|  0%| F|  |TAMS 0x00000000b7000000, 0x00000000b7000000| Untracked 
| 881|0x00000000b7100000, 0x00000000b7100000, 0x00000000b7200000|  0%| F|  |TAMS 0x00000000b7100000, 0x00000000b7100000| Untracked 
| 882|0x00000000b7200000, 0x00000000b7200000, 0x00000000b7300000|  0%| F|  |TAMS 0x00000000b7200000, 0x00000000b7200000| Untracked 
| 883|0x00000000b7300000, 0x00000000b7300000, 0x00000000b7400000|  0%| F|  |TAMS 0x00000000b7300000, 0x00000000b7300000| Untracked 
| 884|0x00000000b7400000, 0x00000000b7400000, 0x00000000b7500000|  0%| F|  |TAMS 0x00000000b7400000, 0x00000000b7400000| Untracked 
| 885|0x00000000b7500000, 0x00000000b7500000, 0x00000000b7600000|  0%| F|  |TAMS 0x00000000b7500000, 0x00000000b7500000| Untracked 
| 886|0x00000000b7600000, 0x00000000b7600000, 0x00000000b7700000|  0%| F|  |TAMS 0x00000000b7600000, 0x00000000b7600000| Untracked 
| 887|0x00000000b7700000, 0x00000000b7700000, 0x00000000b7800000|  0%| F|  |TAMS 0x00000000b7700000, 0x00000000b7700000| Untracked 
| 888|0x00000000b7800000, 0x00000000b7800000, 0x00000000b7900000|  0%| F|  |TAMS 0x00000000b7800000, 0x00000000b7800000| Untracked 
| 889|0x00000000b7900000, 0x00000000b7900000, 0x00000000b7a00000|  0%| F|  |TAMS 0x00000000b7900000, 0x00000000b7900000| Untracked 
| 890|0x00000000b7a00000, 0x00000000b7a00000, 0x00000000b7b00000|  0%| F|  |TAMS 0x00000000b7a00000, 0x00000000b7a00000| Untracked 
| 891|0x00000000b7b00000, 0x00000000b7b00000, 0x00000000b7c00000|  0%| F|  |TAMS 0x00000000b7b00000, 0x00000000b7b00000| Untracked 
| 892|0x00000000b7c00000, 0x00000000b7c00000, 0x00000000b7d00000|  0%| F|  |TAMS 0x00000000b7c00000, 0x00000000b7c00000| Untracked 
| 893|0x00000000b7d00000, 0x00000000b7d00000, 0x00000000b7e00000|  0%| F|  |TAMS 0x00000000b7d00000, 0x00000000b7d00000| Untracked 
| 894|0x00000000b7e00000, 0x00000000b7e00000, 0x00000000b7f00000|  0%| F|  |TAMS 0x00000000b7e00000, 0x00000000b7e00000| Untracked 
| 895|0x00000000b7f00000, 0x00000000b7f00000, 0x00000000b8000000|  0%| F|  |TAMS 0x00000000b7f00000, 0x00000000b7f00000| Untracked 
| 896|0x00000000b8000000, 0x00000000b8000000, 0x00000000b8100000|  0%| F|  |TAMS 0x00000000b8000000, 0x00000000b8000000| Untracked 
| 897|0x00000000b8100000, 0x00000000b8100000, 0x00000000b8200000|  0%| F|  |TAMS 0x00000000b8100000, 0x00000000b8100000| Untracked 
| 898|0x00000000b8200000, 0x00000000b8200000, 0x00000000b8300000|  0%| F|  |TAMS 0x00000000b8200000, 0x00000000b8200000| Untracked 
| 899|0x00000000b8300000, 0x00000000b8300000, 0x00000000b8400000|  0%| F|  |TAMS 0x00000000b8300000, 0x00000000b8300000| Untracked 
| 900|0x00000000b8400000, 0x00000000b8400000, 0x00000000b8500000|  0%| F|  |TAMS 0x00000000b8400000, 0x00000000b8400000| Untracked 
| 901|0x00000000b8500000, 0x00000000b8500000, 0x00000000b8600000|  0%| F|  |TAMS 0x00000000b8500000, 0x00000000b8500000| Untracked 
| 902|0x00000000b8600000, 0x00000000b8600000, 0x00000000b8700000|  0%| F|  |TAMS 0x00000000b8600000, 0x00000000b8600000| Untracked 
| 903|0x00000000b8700000, 0x00000000b8700000, 0x00000000b8800000|  0%| F|  |TAMS 0x00000000b8700000, 0x00000000b8700000| Untracked 
| 904|0x00000000b8800000, 0x00000000b8800000, 0x00000000b8900000|  0%| F|  |TAMS 0x00000000b8800000, 0x00000000b8800000| Untracked 
| 905|0x00000000b8900000, 0x00000000b8900000, 0x00000000b8a00000|  0%| F|  |TAMS 0x00000000b8900000, 0x00000000b8900000| Untracked 
| 906|0x00000000b8a00000, 0x00000000b8a00000, 0x00000000b8b00000|  0%| F|  |TAMS 0x00000000b8a00000, 0x00000000b8a00000| Untracked 
| 907|0x00000000b8b00000, 0x00000000b8b00000, 0x00000000b8c00000|  0%| F|  |TAMS 0x00000000b8b00000, 0x00000000b8b00000| Untracked 
| 908|0x00000000b8c00000, 0x00000000b8c00000, 0x00000000b8d00000|  0%| F|  |TAMS 0x00000000b8c00000, 0x00000000b8c00000| Untracked 
| 909|0x00000000b8d00000, 0x00000000b8d00000, 0x00000000b8e00000|  0%| F|  |TAMS 0x00000000b8d00000, 0x00000000b8d00000| Untracked 
| 910|0x00000000b8e00000, 0x00000000b8e00000, 0x00000000b8f00000|  0%| F|  |TAMS 0x00000000b8e00000, 0x00000000b8e00000| Untracked 
| 911|0x00000000b8f00000, 0x00000000b8f00000, 0x00000000b9000000|  0%| F|  |TAMS 0x00000000b8f00000, 0x00000000b8f00000| Untracked 
| 912|0x00000000b9000000, 0x00000000b9000000, 0x00000000b9100000|  0%| F|  |TAMS 0x00000000b9000000, 0x00000000b9000000| Untracked 
| 913|0x00000000b9100000, 0x00000000b9100000, 0x00000000b9200000|  0%| F|  |TAMS 0x00000000b9100000, 0x00000000b9100000| Untracked 
| 914|0x00000000b9200000, 0x00000000b9200000, 0x00000000b9300000|  0%| F|  |TAMS 0x00000000b9200000, 0x00000000b9200000| Untracked 
| 915|0x00000000b9300000, 0x00000000b9300000, 0x00000000b9400000|  0%| F|  |TAMS 0x00000000b9300000, 0x00000000b9300000| Untracked 
| 916|0x00000000b9400000, 0x00000000b9400000, 0x00000000b9500000|  0%| F|  |TAMS 0x00000000b9400000, 0x00000000b9400000| Untracked 
| 917|0x00000000b9500000, 0x00000000b9500000, 0x00000000b9600000|  0%| F|  |TAMS 0x00000000b9500000, 0x00000000b9500000| Untracked 
| 918|0x00000000b9600000, 0x00000000b9600000, 0x00000000b9700000|  0%| F|  |TAMS 0x00000000b9600000, 0x00000000b9600000| Untracked 
| 919|0x00000000b9700000, 0x00000000b9700000, 0x00000000b9800000|  0%| F|  |TAMS 0x00000000b9700000, 0x00000000b9700000| Untracked 
| 920|0x00000000b9800000, 0x00000000b9800000, 0x00000000b9900000|  0%| F|  |TAMS 0x00000000b9800000, 0x00000000b9800000| Untracked 
| 921|0x00000000b9900000, 0x00000000b9900000, 0x00000000b9a00000|  0%| F|  |TAMS 0x00000000b9900000, 0x00000000b9900000| Untracked 
| 922|0x00000000b9a00000, 0x00000000b9a00000, 0x00000000b9b00000|  0%| F|  |TAMS 0x00000000b9a00000, 0x00000000b9a00000| Untracked 
| 923|0x00000000b9b00000, 0x00000000b9b00000, 0x00000000b9c00000|  0%| F|  |TAMS 0x00000000b9b00000, 0x00000000b9b00000| Untracked 
| 924|0x00000000b9c00000, 0x00000000b9c00000, 0x00000000b9d00000|  0%| F|  |TAMS 0x00000000b9c00000, 0x00000000b9c00000| Untracked 
| 925|0x00000000b9d00000, 0x00000000b9d00000, 0x00000000b9e00000|  0%| F|  |TAMS 0x00000000b9d00000, 0x00000000b9d00000| Untracked 
| 926|0x00000000b9e00000, 0x00000000b9e00000, 0x00000000b9f00000|  0%| F|  |TAMS 0x00000000b9e00000, 0x00000000b9e00000| Untracked 
| 927|0x00000000b9f00000, 0x00000000b9f00000, 0x00000000ba000000|  0%| F|  |TAMS 0x00000000b9f00000, 0x00000000b9f00000| Untracked 
| 928|0x00000000ba000000, 0x00000000ba000000, 0x00000000ba100000|  0%| F|  |TAMS 0x00000000ba000000, 0x00000000ba000000| Untracked 
| 929|0x00000000ba100000, 0x00000000ba100000, 0x00000000ba200000|  0%| F|  |TAMS 0x00000000ba100000, 0x00000000ba100000| Untracked 
| 930|0x00000000ba200000, 0x00000000ba200000, 0x00000000ba300000|  0%| F|  |TAMS 0x00000000ba200000, 0x00000000ba200000| Untracked 
| 931|0x00000000ba300000, 0x00000000ba300000, 0x00000000ba400000|  0%| F|  |TAMS 0x00000000ba300000, 0x00000000ba300000| Untracked 
| 932|0x00000000ba400000, 0x00000000ba400000, 0x00000000ba500000|  0%| F|  |TAMS 0x00000000ba400000, 0x00000000ba400000| Untracked 
| 933|0x00000000ba500000, 0x00000000ba500000, 0x00000000ba600000|  0%| F|  |TAMS 0x00000000ba500000, 0x00000000ba500000| Untracked 
| 934|0x00000000ba600000, 0x00000000ba600000, 0x00000000ba700000|  0%| F|  |TAMS 0x00000000ba600000, 0x00000000ba600000| Untracked 
| 935|0x00000000ba700000, 0x00000000ba700000, 0x00000000ba800000|  0%| F|  |TAMS 0x00000000ba700000, 0x00000000ba700000| Untracked 
| 936|0x00000000ba800000, 0x00000000ba800000, 0x00000000ba900000|  0%| F|  |TAMS 0x00000000ba800000, 0x00000000ba800000| Untracked 
| 937|0x00000000ba900000, 0x00000000ba900000, 0x00000000baa00000|  0%| F|  |TAMS 0x00000000ba900000, 0x00000000ba900000| Untracked 
| 938|0x00000000baa00000, 0x00000000baa00000, 0x00000000bab00000|  0%| F|  |TAMS 0x00000000baa00000, 0x00000000baa00000| Untracked 
| 939|0x00000000bab00000, 0x00000000bab00000, 0x00000000bac00000|  0%| F|  |TAMS 0x00000000bab00000, 0x00000000bab00000| Untracked 
| 940|0x00000000bac00000, 0x00000000bac00000, 0x00000000bad00000|  0%| F|  |TAMS 0x00000000bac00000, 0x00000000bac00000| Untracked 
| 941|0x00000000bad00000, 0x00000000bad00000, 0x00000000bae00000|  0%| F|  |TAMS 0x00000000bad00000, 0x00000000bad00000| Untracked 
| 942|0x00000000bae00000, 0x00000000bae00000, 0x00000000baf00000|  0%| F|  |TAMS 0x00000000bae00000, 0x00000000bae00000| Untracked 
| 943|0x00000000baf00000, 0x00000000baf00000, 0x00000000bb000000|  0%| F|  |TAMS 0x00000000baf00000, 0x00000000baf00000| Untracked 
| 944|0x00000000bb000000, 0x00000000bb000000, 0x00000000bb100000|  0%| F|  |TAMS 0x00000000bb000000, 0x00000000bb000000| Untracked 
| 945|0x00000000bb100000, 0x00000000bb100000, 0x00000000bb200000|  0%| F|  |TAMS 0x00000000bb100000, 0x00000000bb100000| Untracked 
| 946|0x00000000bb200000, 0x00000000bb200000, 0x00000000bb300000|  0%| F|  |TAMS 0x00000000bb200000, 0x00000000bb200000| Untracked 
| 947|0x00000000bb300000, 0x00000000bb300000, 0x00000000bb400000|  0%| F|  |TAMS 0x00000000bb300000, 0x00000000bb300000| Untracked 
| 948|0x00000000bb400000, 0x00000000bb400000, 0x00000000bb500000|  0%| F|  |TAMS 0x00000000bb400000, 0x00000000bb400000| Untracked 
| 949|0x00000000bb500000, 0x00000000bb500000, 0x00000000bb600000|  0%| F|  |TAMS 0x00000000bb500000, 0x00000000bb500000| Untracked 
| 950|0x00000000bb600000, 0x00000000bb600000, 0x00000000bb700000|  0%| F|  |TAMS 0x00000000bb600000, 0x00000000bb600000| Untracked 
| 951|0x00000000bb700000, 0x00000000bb700000, 0x00000000bb800000|  0%| F|  |TAMS 0x00000000bb700000, 0x00000000bb700000| Untracked 
| 952|0x00000000bb800000, 0x00000000bb800000, 0x00000000bb900000|  0%| F|  |TAMS 0x00000000bb800000, 0x00000000bb800000| Untracked 
| 953|0x00000000bb900000, 0x00000000bb900000, 0x00000000bba00000|  0%| F|  |TAMS 0x00000000bb900000, 0x00000000bb900000| Untracked 
| 954|0x00000000bba00000, 0x00000000bba00000, 0x00000000bbb00000|  0%| F|  |TAMS 0x00000000bba00000, 0x00000000bba00000| Untracked 
| 955|0x00000000bbb00000, 0x00000000bbb00000, 0x00000000bbc00000|  0%| F|  |TAMS 0x00000000bbb00000, 0x00000000bbb00000| Untracked 
| 956|0x00000000bbc00000, 0x00000000bbc00000, 0x00000000bbd00000|  0%| F|  |TAMS 0x00000000bbc00000, 0x00000000bbc00000| Untracked 
| 957|0x00000000bbd00000, 0x00000000bbd00000, 0x00000000bbe00000|  0%| F|  |TAMS 0x00000000bbd00000, 0x00000000bbd00000| Untracked 
| 958|0x00000000bbe00000, 0x00000000bbe00000, 0x00000000bbf00000|  0%| F|  |TAMS 0x00000000bbe00000, 0x00000000bbe00000| Untracked 
| 959|0x00000000bbf00000, 0x00000000bbf00000, 0x00000000bc000000|  0%| F|  |TAMS 0x00000000bbf00000, 0x00000000bbf00000| Untracked 
| 960|0x00000000bc000000, 0x00000000bc000000, 0x00000000bc100000|  0%| F|  |TAMS 0x00000000bc000000, 0x00000000bc000000| Untracked 
| 961|0x00000000bc100000, 0x00000000bc100000, 0x00000000bc200000|  0%| F|  |TAMS 0x00000000bc100000, 0x00000000bc100000| Untracked 
| 962|0x00000000bc200000, 0x00000000bc200000, 0x00000000bc300000|  0%| F|  |TAMS 0x00000000bc200000, 0x00000000bc200000| Untracked 
| 963|0x00000000bc300000, 0x00000000bc300000, 0x00000000bc400000|  0%| F|  |TAMS 0x00000000bc300000, 0x00000000bc300000| Untracked 
| 964|0x00000000bc400000, 0x00000000bc400000, 0x00000000bc500000|  0%| F|  |TAMS 0x00000000bc400000, 0x00000000bc400000| Untracked 
| 965|0x00000000bc500000, 0x00000000bc500000, 0x00000000bc600000|  0%| F|  |TAMS 0x00000000bc500000, 0x00000000bc500000| Untracked 
| 966|0x00000000bc600000, 0x00000000bc600000, 0x00000000bc700000|  0%| F|  |TAMS 0x00000000bc600000, 0x00000000bc600000| Untracked 
| 967|0x00000000bc700000, 0x00000000bc700000, 0x00000000bc800000|  0%| F|  |TAMS 0x00000000bc700000, 0x00000000bc700000| Untracked 
| 968|0x00000000bc800000, 0x00000000bc800000, 0x00000000bc900000|  0%| F|  |TAMS 0x00000000bc800000, 0x00000000bc800000| Untracked 
| 969|0x00000000bc900000, 0x00000000bc900000, 0x00000000bca00000|  0%| F|  |TAMS 0x00000000bc900000, 0x00000000bc900000| Untracked 
| 970|0x00000000bca00000, 0x00000000bca00000, 0x00000000bcb00000|  0%| F|  |TAMS 0x00000000bca00000, 0x00000000bca00000| Untracked 
| 971|0x00000000bcb00000, 0x00000000bcb00000, 0x00000000bcc00000|  0%| F|  |TAMS 0x00000000bcb00000, 0x00000000bcb00000| Untracked 
| 972|0x00000000bcc00000, 0x00000000bcc00000, 0x00000000bcd00000|  0%| F|  |TAMS 0x00000000bcc00000, 0x00000000bcc00000| Untracked 
| 973|0x00000000bcd00000, 0x00000000bcd00000, 0x00000000bce00000|  0%| F|  |TAMS 0x00000000bcd00000, 0x00000000bcd00000| Untracked 
| 974|0x00000000bce00000, 0x00000000bce00000, 0x00000000bcf00000|  0%| F|  |TAMS 0x00000000bce00000, 0x00000000bce00000| Untracked 
| 975|0x00000000bcf00000, 0x00000000bcf00000, 0x00000000bd000000|  0%| F|  |TAMS 0x00000000bcf00000, 0x00000000bcf00000| Untracked 
| 976|0x00000000bd000000, 0x00000000bd000000, 0x00000000bd100000|  0%| F|  |TAMS 0x00000000bd000000, 0x00000000bd000000| Untracked 
| 977|0x00000000bd100000, 0x00000000bd100000, 0x00000000bd200000|  0%| F|  |TAMS 0x00000000bd100000, 0x00000000bd100000| Untracked 
| 978|0x00000000bd200000, 0x00000000bd200000, 0x00000000bd300000|  0%| F|  |TAMS 0x00000000bd200000, 0x00000000bd200000| Untracked 
| 979|0x00000000bd300000, 0x00000000bd300000, 0x00000000bd400000|  0%| F|  |TAMS 0x00000000bd300000, 0x00000000bd300000| Untracked 
| 980|0x00000000bd400000, 0x00000000bd400000, 0x00000000bd500000|  0%| F|  |TAMS 0x00000000bd400000, 0x00000000bd400000| Untracked 
| 981|0x00000000bd500000, 0x00000000bd500000, 0x00000000bd600000|  0%| F|  |TAMS 0x00000000bd500000, 0x00000000bd500000| Untracked 
| 982|0x00000000bd600000, 0x00000000bd600000, 0x00000000bd700000|  0%| F|  |TAMS 0x00000000bd600000, 0x00000000bd600000| Untracked 
| 983|0x00000000bd700000, 0x00000000bd700000, 0x00000000bd800000|  0%| F|  |TAMS 0x00000000bd700000, 0x00000000bd700000| Untracked 
| 984|0x00000000bd800000, 0x00000000bd800000, 0x00000000bd900000|  0%| F|  |TAMS 0x00000000bd800000, 0x00000000bd800000| Untracked 
| 985|0x00000000bd900000, 0x00000000bd900000, 0x00000000bda00000|  0%| F|  |TAMS 0x00000000bd900000, 0x00000000bd900000| Untracked 
| 986|0x00000000bda00000, 0x00000000bda00000, 0x00000000bdb00000|  0%| F|  |TAMS 0x00000000bda00000, 0x00000000bda00000| Untracked 
| 987|0x00000000bdb00000, 0x00000000bdb00000, 0x00000000bdc00000|  0%| F|  |TAMS 0x00000000bdb00000, 0x00000000bdb00000| Untracked 
| 988|0x00000000bdc00000, 0x00000000bdc00000, 0x00000000bdd00000|  0%| F|  |TAMS 0x00000000bdc00000, 0x00000000bdc00000| Untracked 
| 989|0x00000000bdd00000, 0x00000000bdd00000, 0x00000000bde00000|  0%| F|  |TAMS 0x00000000bdd00000, 0x00000000bdd00000| Untracked 
| 990|0x00000000bde00000, 0x00000000bde00000, 0x00000000bdf00000|  0%| F|  |TAMS 0x00000000bde00000, 0x00000000bde00000| Untracked 
| 991|0x00000000bdf00000, 0x00000000bdf00000, 0x00000000be000000|  0%| F|  |TAMS 0x00000000bdf00000, 0x00000000bdf00000| Untracked 
| 992|0x00000000be000000, 0x00000000be000000, 0x00000000be100000|  0%| F|  |TAMS 0x00000000be000000, 0x00000000be000000| Untracked 
| 993|0x00000000be100000, 0x00000000be100000, 0x00000000be200000|  0%| F|  |TAMS 0x00000000be100000, 0x00000000be100000| Untracked 
| 994|0x00000000be200000, 0x00000000be200000, 0x00000000be300000|  0%| F|  |TAMS 0x00000000be200000, 0x00000000be200000| Untracked 
| 995|0x00000000be300000, 0x00000000be300000, 0x00000000be400000|  0%| F|  |TAMS 0x00000000be300000, 0x00000000be300000| Untracked 
| 996|0x00000000be400000, 0x00000000be400000, 0x00000000be500000|  0%| F|  |TAMS 0x00000000be400000, 0x00000000be400000| Untracked 
| 997|0x00000000be500000, 0x00000000be500000, 0x00000000be600000|  0%| F|  |TAMS 0x00000000be500000, 0x00000000be500000| Untracked 
| 998|0x00000000be600000, 0x00000000be600000, 0x00000000be700000|  0%| F|  |TAMS 0x00000000be600000, 0x00000000be600000| Untracked 
| 999|0x00000000be700000, 0x00000000be700000, 0x00000000be800000|  0%| F|  |TAMS 0x00000000be700000, 0x00000000be700000| Untracked 
|1000|0x00000000be800000, 0x00000000be800000, 0x00000000be900000|  0%| F|  |TAMS 0x00000000be800000, 0x00000000be800000| Untracked 
|1001|0x00000000be900000, 0x00000000be900000, 0x00000000bea00000|  0%| F|  |TAMS 0x00000000be900000, 0x00000000be900000| Untracked 
|1002|0x00000000bea00000, 0x00000000bea00000, 0x00000000beb00000|  0%| F|  |TAMS 0x00000000bea00000, 0x00000000bea00000| Untracked 
|1003|0x00000000beb00000, 0x00000000beb00000, 0x00000000bec00000|  0%| F|  |TAMS 0x00000000beb00000, 0x00000000beb00000| Untracked 
|1004|0x00000000bec00000, 0x00000000bec00000, 0x00000000bed00000|  0%| F|  |TAMS 0x00000000bec00000, 0x00000000bec00000| Untracked 
|1005|0x00000000bed00000, 0x00000000bed00000, 0x00000000bee00000|  0%| F|  |TAMS 0x00000000bed00000, 0x00000000bed00000| Untracked 
|1006|0x00000000bee00000, 0x00000000bee00000, 0x00000000bef00000|  0%| F|  |TAMS 0x00000000bee00000, 0x00000000bee00000| Untracked 
|1007|0x00000000bef00000, 0x00000000bef00000, 0x00000000bf000000|  0%| F|  |TAMS 0x00000000bef00000, 0x00000000bef00000| Untracked 
|1008|0x00000000bf000000, 0x00000000bf000000, 0x00000000bf100000|  0%| F|  |TAMS 0x00000000bf000000, 0x00000000bf000000| Untracked 
|1009|0x00000000bf100000, 0x00000000bf100000, 0x00000000bf200000|  0%| F|  |TAMS 0x00000000bf100000, 0x00000000bf100000| Untracked 
|1010|0x00000000bf200000, 0x00000000bf200000, 0x00000000bf300000|  0%| F|  |TAMS 0x00000000bf200000, 0x00000000bf200000| Untracked 
|1011|0x00000000bf300000, 0x00000000bf300000, 0x00000000bf400000|  0%| F|  |TAMS 0x00000000bf300000, 0x00000000bf300000| Untracked 
|1012|0x00000000bf400000, 0x00000000bf400000, 0x00000000bf500000|  0%| F|  |TAMS 0x00000000bf400000, 0x00000000bf400000| Untracked 
|1013|0x00000000bf500000, 0x00000000bf500000, 0x00000000bf600000|  0%| F|  |TAMS 0x00000000bf500000, 0x00000000bf500000| Untracked 
|1014|0x00000000bf600000, 0x00000000bf600000, 0x00000000bf700000|  0%| F|  |TAMS 0x00000000bf600000, 0x00000000bf600000| Untracked 
|1015|0x00000000bf700000, 0x00000000bf700000, 0x00000000bf800000|  0%| F|  |TAMS 0x00000000bf700000, 0x00000000bf700000| Untracked 
|1016|0x00000000bf800000, 0x00000000bf800000, 0x00000000bf900000|  0%| F|  |TAMS 0x00000000bf800000, 0x00000000bf800000| Untracked 
|1017|0x00000000bf900000, 0x00000000bf900000, 0x00000000bfa00000|  0%| F|  |TAMS 0x00000000bf900000, 0x00000000bf900000| Untracked 
|1018|0x00000000bfa00000, 0x00000000bfa00000, 0x00000000bfb00000|  0%| F|  |TAMS 0x00000000bfa00000, 0x00000000bfa00000| Untracked 
|1019|0x00000000bfb00000, 0x00000000bfb00000, 0x00000000bfc00000|  0%| F|  |TAMS 0x00000000bfb00000, 0x00000000bfb00000| Untracked 
|1020|0x00000000bfc00000, 0x00000000bfc00000, 0x00000000bfd00000|  0%| F|  |TAMS 0x00000000bfc00000, 0x00000000bfc00000| Untracked 
|1021|0x00000000bfd00000, 0x00000000bfd00000, 0x00000000bfe00000|  0%| F|  |TAMS 0x00000000bfd00000, 0x00000000bfd00000| Untracked 
|1022|0x00000000bfe00000, 0x00000000bfe00000, 0x00000000bff00000|  0%| F|  |TAMS 0x00000000bfe00000, 0x00000000bfe00000| Untracked 
|1023|0x00000000bff00000, 0x00000000bff00000, 0x00000000c0000000|  0%| F|  |TAMS 0x00000000bff00000, 0x00000000bff00000| Untracked 
|1024|0x00000000c0000000, 0x00000000c0000000, 0x00000000c0100000|  0%| F|  |TAMS 0x00000000c0000000, 0x00000000c0000000| Untracked 
|1025|0x00000000c0100000, 0x00000000c0100000, 0x00000000c0200000|  0%| F|  |TAMS 0x00000000c0100000, 0x00000000c0100000| Untracked 
|1026|0x00000000c0200000, 0x00000000c0200000, 0x00000000c0300000|  0%| F|  |TAMS 0x00000000c0200000, 0x00000000c0200000| Untracked 
|1027|0x00000000c0300000, 0x00000000c0300000, 0x00000000c0400000|  0%| F|  |TAMS 0x00000000c0300000, 0x00000000c0300000| Untracked 
|1028|0x00000000c0400000, 0x00000000c0400000, 0x00000000c0500000|  0%| F|  |TAMS 0x00000000c0400000, 0x00000000c0400000| Untracked 
|1029|0x00000000c0500000, 0x00000000c0500000, 0x00000000c0600000|  0%| F|  |TAMS 0x00000000c0500000, 0x00000000c0500000| Untracked 
|1030|0x00000000c0600000, 0x00000000c0600000, 0x00000000c0700000|  0%| F|  |TAMS 0x00000000c0600000, 0x00000000c0600000| Untracked 
|1031|0x00000000c0700000, 0x00000000c0700000, 0x00000000c0800000|  0%| F|  |TAMS 0x00000000c0700000, 0x00000000c0700000| Untracked 
|1032|0x00000000c0800000, 0x00000000c0800000, 0x00000000c0900000|  0%| F|  |TAMS 0x00000000c0800000, 0x00000000c0800000| Untracked 
|1033|0x00000000c0900000, 0x00000000c0900000, 0x00000000c0a00000|  0%| F|  |TAMS 0x00000000c0900000, 0x00000000c0900000| Untracked 
|1034|0x00000000c0a00000, 0x00000000c0a00000, 0x00000000c0b00000|  0%| F|  |TAMS 0x00000000c0a00000, 0x00000000c0a00000| Untracked 
|1035|0x00000000c0b00000, 0x00000000c0b00000, 0x00000000c0c00000|  0%| F|  |TAMS 0x00000000c0b00000, 0x00000000c0b00000| Untracked 
|1036|0x00000000c0c00000, 0x00000000c0c00000, 0x00000000c0d00000|  0%| F|  |TAMS 0x00000000c0c00000, 0x00000000c0c00000| Untracked 
|1037|0x00000000c0d00000, 0x00000000c0d00000, 0x00000000c0e00000|  0%| F|  |TAMS 0x00000000c0d00000, 0x00000000c0d00000| Untracked 
|1038|0x00000000c0e00000, 0x00000000c0e00000, 0x00000000c0f00000|  0%| F|  |TAMS 0x00000000c0e00000, 0x00000000c0e00000| Untracked 
|1039|0x00000000c0f00000, 0x00000000c0f00000, 0x00000000c1000000|  0%| F|  |TAMS 0x00000000c0f00000, 0x00000000c0f00000| Untracked 
|1040|0x00000000c1000000, 0x00000000c1000000, 0x00000000c1100000|  0%| F|  |TAMS 0x00000000c1000000, 0x00000000c1000000| Untracked 
|1041|0x00000000c1100000, 0x00000000c1100000, 0x00000000c1200000|  0%| F|  |TAMS 0x00000000c1100000, 0x00000000c1100000| Untracked 
|1042|0x00000000c1200000, 0x00000000c1200000, 0x00000000c1300000|  0%| F|  |TAMS 0x00000000c1200000, 0x00000000c1200000| Untracked 
|1043|0x00000000c1300000, 0x00000000c1300000, 0x00000000c1400000|  0%| F|  |TAMS 0x00000000c1300000, 0x00000000c1300000| Untracked 
|1044|0x00000000c1400000, 0x00000000c1400000, 0x00000000c1500000|  0%| F|  |TAMS 0x00000000c1400000, 0x00000000c1400000| Untracked 
|1045|0x00000000c1500000, 0x00000000c1500000, 0x00000000c1600000|  0%| F|  |TAMS 0x00000000c1500000, 0x00000000c1500000| Untracked 
|1046|0x00000000c1600000, 0x00000000c1600000, 0x00000000c1700000|  0%| F|  |TAMS 0x00000000c1600000, 0x00000000c1600000| Untracked 
|1047|0x00000000c1700000, 0x00000000c1700000, 0x00000000c1800000|  0%| F|  |TAMS 0x00000000c1700000, 0x00000000c1700000| Untracked 
|1048|0x00000000c1800000, 0x00000000c1800000, 0x00000000c1900000|  0%| F|  |TAMS 0x00000000c1800000, 0x00000000c1800000| Untracked 
|1049|0x00000000c1900000, 0x00000000c1900000, 0x00000000c1a00000|  0%| F|  |TAMS 0x00000000c1900000, 0x00000000c1900000| Untracked 
|1050|0x00000000c1a00000, 0x00000000c1a00000, 0x00000000c1b00000|  0%| F|  |TAMS 0x00000000c1a00000, 0x00000000c1a00000| Untracked 
|1051|0x00000000c1b00000, 0x00000000c1b00000, 0x00000000c1c00000|  0%| F|  |TAMS 0x00000000c1b00000, 0x00000000c1b00000| Untracked 
|1052|0x00000000c1c00000, 0x00000000c1c00000, 0x00000000c1d00000|  0%| F|  |TAMS 0x00000000c1c00000, 0x00000000c1c00000| Untracked 
|1053|0x00000000c1d00000, 0x00000000c1d00000, 0x00000000c1e00000|  0%| F|  |TAMS 0x00000000c1d00000, 0x00000000c1d00000| Untracked 
|1054|0x00000000c1e00000, 0x00000000c1e00000, 0x00000000c1f00000|  0%| F|  |TAMS 0x00000000c1e00000, 0x00000000c1e00000| Untracked 
|1055|0x00000000c1f00000, 0x00000000c1f00000, 0x00000000c2000000|  0%| F|  |TAMS 0x00000000c1f00000, 0x00000000c1f00000| Untracked 
|1056|0x00000000c2000000, 0x00000000c2000000, 0x00000000c2100000|  0%| F|  |TAMS 0x00000000c2000000, 0x00000000c2000000| Untracked 
|1057|0x00000000c2100000, 0x00000000c2100000, 0x00000000c2200000|  0%| F|  |TAMS 0x00000000c2100000, 0x00000000c2100000| Untracked 
|1058|0x00000000c2200000, 0x00000000c2200000, 0x00000000c2300000|  0%| F|  |TAMS 0x00000000c2200000, 0x00000000c2200000| Untracked 
|1059|0x00000000c2300000, 0x00000000c2300000, 0x00000000c2400000|  0%| F|  |TAMS 0x00000000c2300000, 0x00000000c2300000| Untracked 
|1060|0x00000000c2400000, 0x00000000c2400000, 0x00000000c2500000|  0%| F|  |TAMS 0x00000000c2400000, 0x00000000c2400000| Untracked 
|1061|0x00000000c2500000, 0x00000000c2500000, 0x00000000c2600000|  0%| F|  |TAMS 0x00000000c2500000, 0x00000000c2500000| Untracked 
|1062|0x00000000c2600000, 0x00000000c2600000, 0x00000000c2700000|  0%| F|  |TAMS 0x00000000c2600000, 0x00000000c2600000| Untracked 
|1063|0x00000000c2700000, 0x00000000c2700000, 0x00000000c2800000|  0%| F|  |TAMS 0x00000000c2700000, 0x00000000c2700000| Untracked 
|1064|0x00000000c2800000, 0x00000000c2800000, 0x00000000c2900000|  0%| F|  |TAMS 0x00000000c2800000, 0x00000000c2800000| Untracked 
|1065|0x00000000c2900000, 0x00000000c2900000, 0x00000000c2a00000|  0%| F|  |TAMS 0x00000000c2900000, 0x00000000c2900000| Untracked 
|1066|0x00000000c2a00000, 0x00000000c2a00000, 0x00000000c2b00000|  0%| F|  |TAMS 0x00000000c2a00000, 0x00000000c2a00000| Untracked 
|1067|0x00000000c2b00000, 0x00000000c2b00000, 0x00000000c2c00000|  0%| F|  |TAMS 0x00000000c2b00000, 0x00000000c2b00000| Untracked 
|1068|0x00000000c2c00000, 0x00000000c2c00000, 0x00000000c2d00000|  0%| F|  |TAMS 0x00000000c2c00000, 0x00000000c2c00000| Untracked 
|1069|0x00000000c2d00000, 0x00000000c2d00000, 0x00000000c2e00000|  0%| F|  |TAMS 0x00000000c2d00000, 0x00000000c2d00000| Untracked 
|1070|0x00000000c2e00000, 0x00000000c2e00000, 0x00000000c2f00000|  0%| F|  |TAMS 0x00000000c2e00000, 0x00000000c2e00000| Untracked 
|1071|0x00000000c2f00000, 0x00000000c2f00000, 0x00000000c3000000|  0%| F|  |TAMS 0x00000000c2f00000, 0x00000000c2f00000| Untracked 
|1072|0x00000000c3000000, 0x00000000c3000000, 0x00000000c3100000|  0%| F|  |TAMS 0x00000000c3000000, 0x00000000c3000000| Untracked 
|1073|0x00000000c3100000, 0x00000000c3100000, 0x00000000c3200000|  0%| F|  |TAMS 0x00000000c3100000, 0x00000000c3100000| Untracked 
|1074|0x00000000c3200000, 0x00000000c3200000, 0x00000000c3300000|  0%| F|  |TAMS 0x00000000c3200000, 0x00000000c3200000| Untracked 
|1075|0x00000000c3300000, 0x00000000c3300000, 0x00000000c3400000|  0%| F|  |TAMS 0x00000000c3300000, 0x00000000c3300000| Untracked 
|1076|0x00000000c3400000, 0x00000000c3400000, 0x00000000c3500000|  0%| F|  |TAMS 0x00000000c3400000, 0x00000000c3400000| Untracked 
|1077|0x00000000c3500000, 0x00000000c3500000, 0x00000000c3600000|  0%| F|  |TAMS 0x00000000c3500000, 0x00000000c3500000| Untracked 
|1078|0x00000000c3600000, 0x00000000c3600000, 0x00000000c3700000|  0%| F|  |TAMS 0x00000000c3600000, 0x00000000c3600000| Untracked 
|1079|0x00000000c3700000, 0x00000000c3700000, 0x00000000c3800000|  0%| F|  |TAMS 0x00000000c3700000, 0x00000000c3700000| Untracked 
|1080|0x00000000c3800000, 0x00000000c3800000, 0x00000000c3900000|  0%| F|  |TAMS 0x00000000c3800000, 0x00000000c3800000| Untracked 
|1081|0x00000000c3900000, 0x00000000c3900000, 0x00000000c3a00000|  0%| F|  |TAMS 0x00000000c3900000, 0x00000000c3900000| Untracked 
|1082|0x00000000c3a00000, 0x00000000c3a00000, 0x00000000c3b00000|  0%| F|  |TAMS 0x00000000c3a00000, 0x00000000c3a00000| Untracked 
|1083|0x00000000c3b00000, 0x00000000c3b00000, 0x00000000c3c00000|  0%| F|  |TAMS 0x00000000c3b00000, 0x00000000c3b00000| Untracked 
|1084|0x00000000c3c00000, 0x00000000c3c00000, 0x00000000c3d00000|  0%| F|  |TAMS 0x00000000c3c00000, 0x00000000c3c00000| Untracked 
|1085|0x00000000c3d00000, 0x00000000c3d00000, 0x00000000c3e00000|  0%| F|  |TAMS 0x00000000c3d00000, 0x00000000c3d00000| Untracked 
|1086|0x00000000c3e00000, 0x00000000c3e00000, 0x00000000c3f00000|  0%| F|  |TAMS 0x00000000c3e00000, 0x00000000c3e00000| Untracked 
|1087|0x00000000c3f00000, 0x00000000c3f00000, 0x00000000c4000000|  0%| F|  |TAMS 0x00000000c3f00000, 0x00000000c3f00000| Untracked 
|1088|0x00000000c4000000, 0x00000000c4000000, 0x00000000c4100000|  0%| F|  |TAMS 0x00000000c4000000, 0x00000000c4000000| Untracked 
|1089|0x00000000c4100000, 0x00000000c4100000, 0x00000000c4200000|  0%| F|  |TAMS 0x00000000c4100000, 0x00000000c4100000| Untracked 
|1090|0x00000000c4200000, 0x00000000c4200000, 0x00000000c4300000|  0%| F|  |TAMS 0x00000000c4200000, 0x00000000c4200000| Untracked 
|1091|0x00000000c4300000, 0x00000000c4300000, 0x00000000c4400000|  0%| F|  |TAMS 0x00000000c4300000, 0x00000000c4300000| Untracked 
|1092|0x00000000c4400000, 0x00000000c4400000, 0x00000000c4500000|  0%| F|  |TAMS 0x00000000c4400000, 0x00000000c4400000| Untracked 
|1093|0x00000000c4500000, 0x00000000c4500000, 0x00000000c4600000|  0%| F|  |TAMS 0x00000000c4500000, 0x00000000c4500000| Untracked 
|1094|0x00000000c4600000, 0x00000000c4600000, 0x00000000c4700000|  0%| F|  |TAMS 0x00000000c4600000, 0x00000000c4600000| Untracked 
|1095|0x00000000c4700000, 0x00000000c4700000, 0x00000000c4800000|  0%| F|  |TAMS 0x00000000c4700000, 0x00000000c4700000| Untracked 
|1096|0x00000000c4800000, 0x00000000c4800000, 0x00000000c4900000|  0%| F|  |TAMS 0x00000000c4800000, 0x00000000c4800000| Untracked 
|1097|0x00000000c4900000, 0x00000000c4900000, 0x00000000c4a00000|  0%| F|  |TAMS 0x00000000c4900000, 0x00000000c4900000| Untracked 
|1098|0x00000000c4a00000, 0x00000000c4a00000, 0x00000000c4b00000|  0%| F|  |TAMS 0x00000000c4a00000, 0x00000000c4a00000| Untracked 
|1099|0x00000000c4b00000, 0x00000000c4b00000, 0x00000000c4c00000|  0%| F|  |TAMS 0x00000000c4b00000, 0x00000000c4b00000| Untracked 
|1100|0x00000000c4c00000, 0x00000000c4c00000, 0x00000000c4d00000|  0%| F|  |TAMS 0x00000000c4c00000, 0x00000000c4c00000| Untracked 
|1101|0x00000000c4d00000, 0x00000000c4d00000, 0x00000000c4e00000|  0%| F|  |TAMS 0x00000000c4d00000, 0x00000000c4d00000| Untracked 
|1102|0x00000000c4e00000, 0x00000000c4e00000, 0x00000000c4f00000|  0%| F|  |TAMS 0x00000000c4e00000, 0x00000000c4e00000| Untracked 
|1103|0x00000000c4f00000, 0x00000000c4f00000, 0x00000000c5000000|  0%| F|  |TAMS 0x00000000c4f00000, 0x00000000c4f00000| Untracked 
|1104|0x00000000c5000000, 0x00000000c5000000, 0x00000000c5100000|  0%| F|  |TAMS 0x00000000c5000000, 0x00000000c5000000| Untracked 
|1105|0x00000000c5100000, 0x00000000c5100000, 0x00000000c5200000|  0%| F|  |TAMS 0x00000000c5100000, 0x00000000c5100000| Untracked 
|1106|0x00000000c5200000, 0x00000000c5200000, 0x00000000c5300000|  0%| F|  |TAMS 0x00000000c5200000, 0x00000000c5200000| Untracked 
|1107|0x00000000c5300000, 0x00000000c5300000, 0x00000000c5400000|  0%| F|  |TAMS 0x00000000c5300000, 0x00000000c5300000| Untracked 
|1108|0x00000000c5400000, 0x00000000c5400000, 0x00000000c5500000|  0%| F|  |TAMS 0x00000000c5400000, 0x00000000c5400000| Untracked 
|1109|0x00000000c5500000, 0x00000000c5500000, 0x00000000c5600000|  0%| F|  |TAMS 0x00000000c5500000, 0x00000000c5500000| Untracked 
|1110|0x00000000c5600000, 0x00000000c5600000, 0x00000000c5700000|  0%| F|  |TAMS 0x00000000c5600000, 0x00000000c5600000| Untracked 
|1111|0x00000000c5700000, 0x00000000c5700000, 0x00000000c5800000|  0%| F|  |TAMS 0x00000000c5700000, 0x00000000c5700000| Untracked 
|1112|0x00000000c5800000, 0x00000000c5800000, 0x00000000c5900000|  0%| F|  |TAMS 0x00000000c5800000, 0x00000000c5800000| Untracked 
|1113|0x00000000c5900000, 0x00000000c5900000, 0x00000000c5a00000|  0%| F|  |TAMS 0x00000000c5900000, 0x00000000c5900000| Untracked 
|1114|0x00000000c5a00000, 0x00000000c5a00000, 0x00000000c5b00000|  0%| F|  |TAMS 0x00000000c5a00000, 0x00000000c5a00000| Untracked 
|1115|0x00000000c5b00000, 0x00000000c5b00000, 0x00000000c5c00000|  0%| F|  |TAMS 0x00000000c5b00000, 0x00000000c5b00000| Untracked 
|1116|0x00000000c5c00000, 0x00000000c5c00000, 0x00000000c5d00000|  0%| F|  |TAMS 0x00000000c5c00000, 0x00000000c5c00000| Untracked 
|1117|0x00000000c5d00000, 0x00000000c5d00000, 0x00000000c5e00000|  0%| F|  |TAMS 0x00000000c5d00000, 0x00000000c5d00000| Untracked 
|1118|0x00000000c5e00000, 0x00000000c5e00000, 0x00000000c5f00000|  0%| F|  |TAMS 0x00000000c5e00000, 0x00000000c5e00000| Untracked 
|1119|0x00000000c5f00000, 0x00000000c5f00000, 0x00000000c6000000|  0%| F|  |TAMS 0x00000000c5f00000, 0x00000000c5f00000| Untracked 
|1120|0x00000000c6000000, 0x00000000c6000000, 0x00000000c6100000|  0%| F|  |TAMS 0x00000000c6000000, 0x00000000c6000000| Untracked 
|1121|0x00000000c6100000, 0x00000000c6100000, 0x00000000c6200000|  0%| F|  |TAMS 0x00000000c6100000, 0x00000000c6100000| Untracked 
|1122|0x00000000c6200000, 0x00000000c6200000, 0x00000000c6300000|  0%| F|  |TAMS 0x00000000c6200000, 0x00000000c6200000| Untracked 
|1123|0x00000000c6300000, 0x00000000c6300000, 0x00000000c6400000|  0%| F|  |TAMS 0x00000000c6300000, 0x00000000c6300000| Untracked 
|1124|0x00000000c6400000, 0x00000000c6400000, 0x00000000c6500000|  0%| F|  |TAMS 0x00000000c6400000, 0x00000000c6400000| Untracked 
|1125|0x00000000c6500000, 0x00000000c6500000, 0x00000000c6600000|  0%| F|  |TAMS 0x00000000c6500000, 0x00000000c6500000| Untracked 
|1126|0x00000000c6600000, 0x00000000c6600000, 0x00000000c6700000|  0%| F|  |TAMS 0x00000000c6600000, 0x00000000c6600000| Untracked 
|1127|0x00000000c6700000, 0x00000000c6700000, 0x00000000c6800000|  0%| F|  |TAMS 0x00000000c6700000, 0x00000000c6700000| Untracked 
|1128|0x00000000c6800000, 0x00000000c6800000, 0x00000000c6900000|  0%| F|  |TAMS 0x00000000c6800000, 0x00000000c6800000| Untracked 
|1129|0x00000000c6900000, 0x00000000c6900000, 0x00000000c6a00000|  0%| F|  |TAMS 0x00000000c6900000, 0x00000000c6900000| Untracked 
|1130|0x00000000c6a00000, 0x00000000c6a00000, 0x00000000c6b00000|  0%| F|  |TAMS 0x00000000c6a00000, 0x00000000c6a00000| Untracked 
|1131|0x00000000c6b00000, 0x00000000c6b00000, 0x00000000c6c00000|  0%| F|  |TAMS 0x00000000c6b00000, 0x00000000c6b00000| Untracked 
|1132|0x00000000c6c00000, 0x00000000c6c00000, 0x00000000c6d00000|  0%| F|  |TAMS 0x00000000c6c00000, 0x00000000c6c00000| Untracked 
|1133|0x00000000c6d00000, 0x00000000c6d00000, 0x00000000c6e00000|  0%| F|  |TAMS 0x00000000c6d00000, 0x00000000c6d00000| Untracked 
|1134|0x00000000c6e00000, 0x00000000c6e00000, 0x00000000c6f00000|  0%| F|  |TAMS 0x00000000c6e00000, 0x00000000c6e00000| Untracked 
|1135|0x00000000c6f00000, 0x00000000c6f00000, 0x00000000c7000000|  0%| F|  |TAMS 0x00000000c6f00000, 0x00000000c6f00000| Untracked 
|1136|0x00000000c7000000, 0x00000000c7000000, 0x00000000c7100000|  0%| F|  |TAMS 0x00000000c7000000, 0x00000000c7000000| Untracked 
|1137|0x00000000c7100000, 0x00000000c7100000, 0x00000000c7200000|  0%| F|  |TAMS 0x00000000c7100000, 0x00000000c7100000| Untracked 
|1138|0x00000000c7200000, 0x00000000c7200000, 0x00000000c7300000|  0%| F|  |TAMS 0x00000000c7200000, 0x00000000c7200000| Untracked 
|1139|0x00000000c7300000, 0x00000000c7300000, 0x00000000c7400000|  0%| F|  |TAMS 0x00000000c7300000, 0x00000000c7300000| Untracked 
|1140|0x00000000c7400000, 0x00000000c7400000, 0x00000000c7500000|  0%| F|  |TAMS 0x00000000c7400000, 0x00000000c7400000| Untracked 
|1141|0x00000000c7500000, 0x00000000c7500000, 0x00000000c7600000|  0%| F|  |TAMS 0x00000000c7500000, 0x00000000c7500000| Untracked 
|1142|0x00000000c7600000, 0x00000000c7600000, 0x00000000c7700000|  0%| F|  |TAMS 0x00000000c7600000, 0x00000000c7600000| Untracked 
|1143|0x00000000c7700000, 0x00000000c7700000, 0x00000000c7800000|  0%| F|  |TAMS 0x00000000c7700000, 0x00000000c7700000| Untracked 
|1144|0x00000000c7800000, 0x00000000c7800000, 0x00000000c7900000|  0%| F|  |TAMS 0x00000000c7800000, 0x00000000c7800000| Untracked 
|1145|0x00000000c7900000, 0x00000000c7900000, 0x00000000c7a00000|  0%| F|  |TAMS 0x00000000c7900000, 0x00000000c7900000| Untracked 
|1146|0x00000000c7a00000, 0x00000000c7a00000, 0x00000000c7b00000|  0%| F|  |TAMS 0x00000000c7a00000, 0x00000000c7a00000| Untracked 
|1147|0x00000000c7b00000, 0x00000000c7b00000, 0x00000000c7c00000|  0%| F|  |TAMS 0x00000000c7b00000, 0x00000000c7b00000| Untracked 
|1148|0x00000000c7c00000, 0x00000000c7c00000, 0x00000000c7d00000|  0%| F|  |TAMS 0x00000000c7c00000, 0x00000000c7c00000| Untracked 
|1149|0x00000000c7d00000, 0x00000000c7d00000, 0x00000000c7e00000|  0%| F|  |TAMS 0x00000000c7d00000, 0x00000000c7d00000| Untracked 
|1150|0x00000000c7e00000, 0x00000000c7e00000, 0x00000000c7f00000|  0%| F|  |TAMS 0x00000000c7e00000, 0x00000000c7e00000| Untracked 
|1151|0x00000000c7f00000, 0x00000000c7f00000, 0x00000000c8000000|  0%| F|  |TAMS 0x00000000c7f00000, 0x00000000c7f00000| Untracked 
|1152|0x00000000c8000000, 0x00000000c8000000, 0x00000000c8100000|  0%| F|  |TAMS 0x00000000c8000000, 0x00000000c8000000| Untracked 
|1153|0x00000000c8100000, 0x00000000c8100000, 0x00000000c8200000|  0%| F|  |TAMS 0x00000000c8100000, 0x00000000c8100000| Untracked 
|1154|0x00000000c8200000, 0x00000000c8200000, 0x00000000c8300000|  0%| F|  |TAMS 0x00000000c8200000, 0x00000000c8200000| Untracked 
|1155|0x00000000c8300000, 0x00000000c8300000, 0x00000000c8400000|  0%| F|  |TAMS 0x00000000c8300000, 0x00000000c8300000| Untracked 
|1156|0x00000000c8400000, 0x00000000c8400000, 0x00000000c8500000|  0%| F|  |TAMS 0x00000000c8400000, 0x00000000c8400000| Untracked 
|1157|0x00000000c8500000, 0x00000000c8500000, 0x00000000c8600000|  0%| F|  |TAMS 0x00000000c8500000, 0x00000000c8500000| Untracked 
|1158|0x00000000c8600000, 0x00000000c8600000, 0x00000000c8700000|  0%| F|  |TAMS 0x00000000c8600000, 0x00000000c8600000| Untracked 
|1159|0x00000000c8700000, 0x00000000c8700000, 0x00000000c8800000|  0%| F|  |TAMS 0x00000000c8700000, 0x00000000c8700000| Untracked 
|1160|0x00000000c8800000, 0x00000000c8800000, 0x00000000c8900000|  0%| F|  |TAMS 0x00000000c8800000, 0x00000000c8800000| Untracked 
|1161|0x00000000c8900000, 0x00000000c8900000, 0x00000000c8a00000|  0%| F|  |TAMS 0x00000000c8900000, 0x00000000c8900000| Untracked 
|1162|0x00000000c8a00000, 0x00000000c8a00000, 0x00000000c8b00000|  0%| F|  |TAMS 0x00000000c8a00000, 0x00000000c8a00000| Untracked 
|1163|0x00000000c8b00000, 0x00000000c8b00000, 0x00000000c8c00000|  0%| F|  |TAMS 0x00000000c8b00000, 0x00000000c8b00000| Untracked 
|1164|0x00000000c8c00000, 0x00000000c8c00000, 0x00000000c8d00000|  0%| F|  |TAMS 0x00000000c8c00000, 0x00000000c8c00000| Untracked 
|1165|0x00000000c8d00000, 0x00000000c8d00000, 0x00000000c8e00000|  0%| F|  |TAMS 0x00000000c8d00000, 0x00000000c8d00000| Untracked 
|1166|0x00000000c8e00000, 0x00000000c8e00000, 0x00000000c8f00000|  0%| F|  |TAMS 0x00000000c8e00000, 0x00000000c8e00000| Untracked 
|1167|0x00000000c8f00000, 0x00000000c8f00000, 0x00000000c9000000|  0%| F|  |TAMS 0x00000000c8f00000, 0x00000000c8f00000| Untracked 
|1168|0x00000000c9000000, 0x00000000c9000000, 0x00000000c9100000|  0%| F|  |TAMS 0x00000000c9000000, 0x00000000c9000000| Untracked 
|1169|0x00000000c9100000, 0x00000000c9100000, 0x00000000c9200000|  0%| F|  |TAMS 0x00000000c9100000, 0x00000000c9100000| Untracked 
|1170|0x00000000c9200000, 0x00000000c9200000, 0x00000000c9300000|  0%| F|  |TAMS 0x00000000c9200000, 0x00000000c9200000| Untracked 
|1171|0x00000000c9300000, 0x00000000c9300000, 0x00000000c9400000|  0%| F|  |TAMS 0x00000000c9300000, 0x00000000c9300000| Untracked 
|1172|0x00000000c9400000, 0x00000000c9400000, 0x00000000c9500000|  0%| F|  |TAMS 0x00000000c9400000, 0x00000000c9400000| Untracked 
|1173|0x00000000c9500000, 0x00000000c9500000, 0x00000000c9600000|  0%| F|  |TAMS 0x00000000c9500000, 0x00000000c9500000| Untracked 
|1174|0x00000000c9600000, 0x00000000c9600000, 0x00000000c9700000|  0%| F|  |TAMS 0x00000000c9600000, 0x00000000c9600000| Untracked 
|1175|0x00000000c9700000, 0x00000000c9700000, 0x00000000c9800000|  0%| F|  |TAMS 0x00000000c9700000, 0x00000000c9700000| Untracked 
|1176|0x00000000c9800000, 0x00000000c9800000, 0x00000000c9900000|  0%| F|  |TAMS 0x00000000c9800000, 0x00000000c9800000| Untracked 
|1177|0x00000000c9900000, 0x00000000c9900000, 0x00000000c9a00000|  0%| F|  |TAMS 0x00000000c9900000, 0x00000000c9900000| Untracked 
|1178|0x00000000c9a00000, 0x00000000c9a00000, 0x00000000c9b00000|  0%| F|  |TAMS 0x00000000c9a00000, 0x00000000c9a00000| Untracked 
|1179|0x00000000c9b00000, 0x00000000c9bfe100, 0x00000000c9c00000| 99%| S|CS|TAMS 0x00000000c9b00000, 0x00000000c9b00000| Complete 
|1180|0x00000000c9c00000, 0x00000000c9d00000, 0x00000000c9d00000|100%| S|CS|TAMS 0x00000000c9c00000, 0x00000000c9c00000| Complete 
|1181|0x00000000c9d00000, 0x00000000c9e00000, 0x00000000c9e00000|100%| S|CS|TAMS 0x00000000c9d00000, 0x00000000c9d00000| Complete 
|1182|0x00000000c9e00000, 0x00000000c9f00000, 0x00000000c9f00000|100%| S|CS|TAMS 0x00000000c9e00000, 0x00000000c9e00000| Complete 
|1183|0x00000000c9f00000, 0x00000000ca000000, 0x00000000ca000000|100%| S|CS|TAMS 0x00000000c9f00000, 0x00000000c9f00000| Complete 
|1184|0x00000000ca000000, 0x00000000ca100000, 0x00000000ca100000|100%| S|CS|TAMS 0x00000000ca000000, 0x00000000ca000000| Complete 
|1185|0x00000000ca100000, 0x00000000ca200000, 0x00000000ca200000|100%| S|CS|TAMS 0x00000000ca100000, 0x00000000ca100000| Complete 
|1186|0x00000000ca200000, 0x00000000ca300000, 0x00000000ca300000|100%| S|CS|TAMS 0x00000000ca200000, 0x00000000ca200000| Complete 
|1187|0x00000000ca300000, 0x00000000ca400000, 0x00000000ca400000|100%| S|CS|TAMS 0x00000000ca300000, 0x00000000ca300000| Complete 
|1188|0x00000000ca400000, 0x00000000ca500000, 0x00000000ca500000|100%| S|CS|TAMS 0x00000000ca400000, 0x00000000ca400000| Complete 
|1189|0x00000000ca500000, 0x00000000ca600000, 0x00000000ca600000|100%| S|CS|TAMS 0x00000000ca500000, 0x00000000ca500000| Complete 
|1190|0x00000000ca600000, 0x00000000ca700000, 0x00000000ca700000|100%| S|CS|TAMS 0x00000000ca600000, 0x00000000ca600000| Complete 
|1191|0x00000000ca700000, 0x00000000ca800000, 0x00000000ca800000|100%| S|CS|TAMS 0x00000000ca700000, 0x00000000ca700000| Complete 
|1192|0x00000000ca800000, 0x00000000ca900000, 0x00000000ca900000|100%| S|CS|TAMS 0x00000000ca800000, 0x00000000ca800000| Complete 
|1193|0x00000000ca900000, 0x00000000caa00000, 0x00000000caa00000|100%| S|CS|TAMS 0x00000000ca900000, 0x00000000ca900000| Complete 
|1194|0x00000000caa00000, 0x00000000cab00000, 0x00000000cab00000|100%| S|CS|TAMS 0x00000000caa00000, 0x00000000caa00000| Complete 
|1195|0x00000000cab00000, 0x00000000cac00000, 0x00000000cac00000|100%| S|CS|TAMS 0x00000000cab00000, 0x00000000cab00000| Complete 
|1196|0x00000000cac00000, 0x00000000cad00000, 0x00000000cad00000|100%| S|CS|TAMS 0x00000000cac00000, 0x00000000cac00000| Complete 
|1197|0x00000000cad00000, 0x00000000cae00000, 0x00000000cae00000|100%| S|CS|TAMS 0x00000000cad00000, 0x00000000cad00000| Complete 
|1198|0x00000000cae00000, 0x00000000caf00000, 0x00000000caf00000|100%| S|CS|TAMS 0x00000000cae00000, 0x00000000cae00000| Complete 
|1199|0x00000000caf00000, 0x00000000caf00000, 0x00000000cb000000|  0%| F|  |TAMS 0x00000000caf00000, 0x00000000caf00000| Untracked 
|1200|0x00000000cb000000, 0x00000000cb000000, 0x00000000cb100000|  0%| F|  |TAMS 0x00000000cb000000, 0x00000000cb000000| Untracked 
|1201|0x00000000cb100000, 0x00000000cb100000, 0x00000000cb200000|  0%| F|  |TAMS 0x00000000cb100000, 0x00000000cb100000| Untracked 
|1202|0x00000000cb200000, 0x00000000cb200000, 0x00000000cb300000|  0%| F|  |TAMS 0x00000000cb200000, 0x00000000cb200000| Untracked 
|1203|0x00000000cb300000, 0x00000000cb300000, 0x00000000cb400000|  0%| F|  |TAMS 0x00000000cb300000, 0x00000000cb300000| Untracked 
|1204|0x00000000cb400000, 0x00000000cb400000, 0x00000000cb500000|  0%| F|  |TAMS 0x00000000cb400000, 0x00000000cb400000| Untracked 
|1205|0x00000000cb500000, 0x00000000cb500000, 0x00000000cb600000|  0%| F|  |TAMS 0x00000000cb500000, 0x00000000cb500000| Untracked 
|1206|0x00000000cb600000, 0x00000000cb600000, 0x00000000cb700000|  0%| F|  |TAMS 0x00000000cb600000, 0x00000000cb600000| Untracked 
|1207|0x00000000cb700000, 0x00000000cb700000, 0x00000000cb800000|  0%| F|  |TAMS 0x00000000cb700000, 0x00000000cb700000| Untracked 
|1208|0x00000000cb800000, 0x00000000cb800000, 0x00000000cb900000|  0%| F|  |TAMS 0x00000000cb800000, 0x00000000cb800000| Untracked 
|1209|0x00000000cb900000, 0x00000000cb900000, 0x00000000cba00000|  0%| F|  |TAMS 0x00000000cb900000, 0x00000000cb900000| Untracked 
|1210|0x00000000cba00000, 0x00000000cba00000, 0x00000000cbb00000|  0%| F|  |TAMS 0x00000000cba00000, 0x00000000cba00000| Untracked 
|1211|0x00000000cbb00000, 0x00000000cbb00000, 0x00000000cbc00000|  0%| F|  |TAMS 0x00000000cbb00000, 0x00000000cbb00000| Untracked 
|1212|0x00000000cbc00000, 0x00000000cbc00000, 0x00000000cbd00000|  0%| F|  |TAMS 0x00000000cbc00000, 0x00000000cbc00000| Untracked 
|1213|0x00000000cbd00000, 0x00000000cbd00000, 0x00000000cbe00000|  0%| F|  |TAMS 0x00000000cbd00000, 0x00000000cbd00000| Untracked 
|1214|0x00000000cbe00000, 0x00000000cbe00000, 0x00000000cbf00000|  0%| F|  |TAMS 0x00000000cbe00000, 0x00000000cbe00000| Untracked 
|1215|0x00000000cbf00000, 0x00000000cbf00000, 0x00000000cc000000|  0%| F|  |TAMS 0x00000000cbf00000, 0x00000000cbf00000| Untracked 
|1216|0x00000000cc000000, 0x00000000cc000000, 0x00000000cc100000|  0%| F|  |TAMS 0x00000000cc000000, 0x00000000cc000000| Untracked 
|1217|0x00000000cc100000, 0x00000000cc100000, 0x00000000cc200000|  0%| F|  |TAMS 0x00000000cc100000, 0x00000000cc100000| Untracked 
|1218|0x00000000cc200000, 0x00000000cc200000, 0x00000000cc300000|  0%| F|  |TAMS 0x00000000cc200000, 0x00000000cc200000| Untracked 
|1219|0x00000000cc300000, 0x00000000cc300000, 0x00000000cc400000|  0%| F|  |TAMS 0x00000000cc300000, 0x00000000cc300000| Untracked 
|1220|0x00000000cc400000, 0x00000000cc400000, 0x00000000cc500000|  0%| F|  |TAMS 0x00000000cc400000, 0x00000000cc400000| Untracked 
|1221|0x00000000cc500000, 0x00000000cc54a228, 0x00000000cc600000| 28%| E|  |TAMS 0x00000000cc500000, 0x00000000cc500000| Complete 
|1222|0x00000000cc600000, 0x00000000cc700000, 0x00000000cc700000|100%| E|CS|TAMS 0x00000000cc600000, 0x00000000cc600000| Complete 
|1223|0x00000000cc700000, 0x00000000cc800000, 0x00000000cc800000|100%| E|CS|TAMS 0x00000000cc700000, 0x00000000cc700000| Complete 
|1224|0x00000000cc800000, 0x00000000cc900000, 0x00000000cc900000|100%| E|CS|TAMS 0x00000000cc800000, 0x00000000cc800000| Complete 
|1225|0x00000000cc900000, 0x00000000cca00000, 0x00000000cca00000|100%| E|CS|TAMS 0x00000000cc900000, 0x00000000cc900000| Complete 
|1226|0x00000000cca00000, 0x00000000ccb00000, 0x00000000ccb00000|100%| E|CS|TAMS 0x00000000cca00000, 0x00000000cca00000| Complete 
|1227|0x00000000ccb00000, 0x00000000ccc00000, 0x00000000ccc00000|100%| E|CS|TAMS 0x00000000ccb00000, 0x00000000ccb00000| Complete 
|1228|0x00000000ccc00000, 0x00000000ccd00000, 0x00000000ccd00000|100%| E|CS|TAMS 0x00000000ccc00000, 0x00000000ccc00000| Complete 
|1229|0x00000000ccd00000, 0x00000000cce00000, 0x00000000cce00000|100%| E|CS|TAMS 0x00000000ccd00000, 0x00000000ccd00000| Complete 
|1230|0x00000000cce00000, 0x00000000ccf00000, 0x00000000ccf00000|100%| E|CS|TAMS 0x00000000cce00000, 0x00000000cce00000| Complete 
|1231|0x00000000ccf00000, 0x00000000cd000000, 0x00000000cd000000|100%| E|CS|TAMS 0x00000000ccf00000, 0x00000000ccf00000| Complete 
|1232|0x00000000cd000000, 0x00000000cd100000, 0x00000000cd100000|100%| E|CS|TAMS 0x00000000cd000000, 0x00000000cd000000| Complete 
|1233|0x00000000cd100000, 0x00000000cd200000, 0x00000000cd200000|100%| E|CS|TAMS 0x00000000cd100000, 0x00000000cd100000| Complete 
|1234|0x00000000cd200000, 0x00000000cd300000, 0x00000000cd300000|100%| E|CS|TAMS 0x00000000cd200000, 0x00000000cd200000| Complete 
|1235|0x00000000cd300000, 0x00000000cd400000, 0x00000000cd400000|100%| E|CS|TAMS 0x00000000cd300000, 0x00000000cd300000| Complete 
|1236|0x00000000cd400000, 0x00000000cd500000, 0x00000000cd500000|100%| E|CS|TAMS 0x00000000cd400000, 0x00000000cd400000| Complete 
|1237|0x00000000cd500000, 0x00000000cd600000, 0x00000000cd600000|100%| E|CS|TAMS 0x00000000cd500000, 0x00000000cd500000| Complete 
|1238|0x00000000cd600000, 0x00000000cd700000, 0x00000000cd700000|100%| E|CS|TAMS 0x00000000cd600000, 0x00000000cd600000| Complete 
|1239|0x00000000cd700000, 0x00000000cd800000, 0x00000000cd800000|100%| E|CS|TAMS 0x00000000cd700000, 0x00000000cd700000| Complete 
|1240|0x00000000cd800000, 0x00000000cd900000, 0x00000000cd900000|100%| E|CS|TAMS 0x00000000cd800000, 0x00000000cd800000| Complete 
|1241|0x00000000cd900000, 0x00000000cda00000, 0x00000000cda00000|100%| E|CS|TAMS 0x00000000cd900000, 0x00000000cd900000| Complete 
|1242|0x00000000cda00000, 0x00000000cdb00000, 0x00000000cdb00000|100%| E|CS|TAMS 0x00000000cda00000, 0x00000000cda00000| Complete 
|1243|0x00000000cdb00000, 0x00000000cdc00000, 0x00000000cdc00000|100%| E|CS|TAMS 0x00000000cdb00000, 0x00000000cdb00000| Complete 
|1244|0x00000000cdc00000, 0x00000000cdd00000, 0x00000000cdd00000|100%| E|CS|TAMS 0x00000000cdc00000, 0x00000000cdc00000| Complete 
|1245|0x00000000cdd00000, 0x00000000cde00000, 0x00000000cde00000|100%| E|CS|TAMS 0x00000000cdd00000, 0x00000000cdd00000| Complete 
|1246|0x00000000cde00000, 0x00000000cdf00000, 0x00000000cdf00000|100%| E|CS|TAMS 0x00000000cde00000, 0x00000000cde00000| Complete 
|1247|0x00000000cdf00000, 0x00000000ce000000, 0x00000000ce000000|100%| E|CS|TAMS 0x00000000cdf00000, 0x00000000cdf00000| Complete 
|1248|0x00000000ce000000, 0x00000000ce100000, 0x00000000ce100000|100%| E|CS|TAMS 0x00000000ce000000, 0x00000000ce000000| Complete 
|1249|0x00000000ce100000, 0x00000000ce200000, 0x00000000ce200000|100%| E|CS|TAMS 0x00000000ce100000, 0x00000000ce100000| Complete 
|1250|0x00000000ce200000, 0x00000000ce300000, 0x00000000ce300000|100%| E|CS|TAMS 0x00000000ce200000, 0x00000000ce200000| Complete 
|1251|0x00000000ce300000, 0x00000000ce400000, 0x00000000ce400000|100%| E|CS|TAMS 0x00000000ce300000, 0x00000000ce300000| Complete 
|1252|0x00000000ce400000, 0x00000000ce500000, 0x00000000ce500000|100%| E|CS|TAMS 0x00000000ce400000, 0x00000000ce400000| Complete 
|1253|0x00000000ce500000, 0x00000000ce600000, 0x00000000ce600000|100%| E|CS|TAMS 0x00000000ce500000, 0x00000000ce500000| Complete 
|1254|0x00000000ce600000, 0x00000000ce700000, 0x00000000ce700000|100%| E|CS|TAMS 0x00000000ce600000, 0x00000000ce600000| Complete 
|1255|0x00000000ce700000, 0x00000000ce800000, 0x00000000ce800000|100%| E|CS|TAMS 0x00000000ce700000, 0x00000000ce700000| Complete 
|1256|0x00000000ce800000, 0x00000000ce900000, 0x00000000ce900000|100%| E|CS|TAMS 0x00000000ce800000, 0x00000000ce800000| Complete 
|1257|0x00000000ce900000, 0x00000000cea00000, 0x00000000cea00000|100%| E|CS|TAMS 0x00000000ce900000, 0x00000000ce900000| Complete 
|1258|0x00000000cea00000, 0x00000000ceb00000, 0x00000000ceb00000|100%| E|CS|TAMS 0x00000000cea00000, 0x00000000cea00000| Complete 
|1259|0x00000000ceb00000, 0x00000000cec00000, 0x00000000cec00000|100%| E|CS|TAMS 0x00000000ceb00000, 0x00000000ceb00000| Complete 
|1260|0x00000000cec00000, 0x00000000ced00000, 0x00000000ced00000|100%| E|CS|TAMS 0x00000000cec00000, 0x00000000cec00000| Complete 
|1261|0x00000000ced00000, 0x00000000cee00000, 0x00000000cee00000|100%| E|CS|TAMS 0x00000000ced00000, 0x00000000ced00000| Complete 
|1262|0x00000000cee00000, 0x00000000cef00000, 0x00000000cef00000|100%| E|CS|TAMS 0x00000000cee00000, 0x00000000cee00000| Complete 
|1263|0x00000000cef00000, 0x00000000cf000000, 0x00000000cf000000|100%| E|CS|TAMS 0x00000000cef00000, 0x00000000cef00000| Complete 
|1264|0x00000000cf000000, 0x00000000cf100000, 0x00000000cf100000|100%| E|CS|TAMS 0x00000000cf000000, 0x00000000cf000000| Complete 
|1265|0x00000000cf100000, 0x00000000cf200000, 0x00000000cf200000|100%| E|CS|TAMS 0x00000000cf100000, 0x00000000cf100000| Complete 
|1266|0x00000000cf200000, 0x00000000cf300000, 0x00000000cf300000|100%| E|CS|TAMS 0x00000000cf200000, 0x00000000cf200000| Complete 
|1267|0x00000000cf300000, 0x00000000cf400000, 0x00000000cf400000|100%| E|CS|TAMS 0x00000000cf300000, 0x00000000cf300000| Complete 
|1268|0x00000000cf400000, 0x00000000cf500000, 0x00000000cf500000|100%| E|CS|TAMS 0x00000000cf400000, 0x00000000cf400000| Complete 
|1269|0x00000000cf500000, 0x00000000cf600000, 0x00000000cf600000|100%| E|CS|TAMS 0x00000000cf500000, 0x00000000cf500000| Complete 
|1270|0x00000000cf600000, 0x00000000cf700000, 0x00000000cf700000|100%| E|CS|TAMS 0x00000000cf600000, 0x00000000cf600000| Complete 
|1271|0x00000000cf700000, 0x00000000cf800000, 0x00000000cf800000|100%| E|CS|TAMS 0x00000000cf700000, 0x00000000cf700000| Complete 
|1272|0x00000000cf800000, 0x00000000cf900000, 0x00000000cf900000|100%| E|CS|TAMS 0x00000000cf800000, 0x00000000cf800000| Complete 
|1273|0x00000000cf900000, 0x00000000cfa00000, 0x00000000cfa00000|100%| E|CS|TAMS 0x00000000cf900000, 0x00000000cf900000| Complete 
|1274|0x00000000cfa00000, 0x00000000cfb00000, 0x00000000cfb00000|100%| E|CS|TAMS 0x00000000cfa00000, 0x00000000cfa00000| Complete 
|1275|0x00000000cfb00000, 0x00000000cfc00000, 0x00000000cfc00000|100%| E|CS|TAMS 0x00000000cfb00000, 0x00000000cfb00000| Complete 
|1276|0x00000000cfc00000, 0x00000000cfd00000, 0x00000000cfd00000|100%| E|CS|TAMS 0x00000000cfc00000, 0x00000000cfc00000| Complete 
|1277|0x00000000cfd00000, 0x00000000cfe00000, 0x00000000cfe00000|100%| E|CS|TAMS 0x00000000cfd00000, 0x00000000cfd00000| Complete 
|1278|0x00000000cfe00000, 0x00000000cff00000, 0x00000000cff00000|100%| E|CS|TAMS 0x00000000cfe00000, 0x00000000cfe00000| Complete 
|1279|0x00000000cff00000, 0x00000000d0000000, 0x00000000d0000000|100%| E|CS|TAMS 0x00000000cff00000, 0x00000000cff00000| Complete 
|1280|0x00000000d0000000, 0x00000000d0100000, 0x00000000d0100000|100%| E|CS|TAMS 0x00000000d0000000, 0x00000000d0000000| Complete 
|1281|0x00000000d0100000, 0x00000000d0200000, 0x00000000d0200000|100%| E|CS|TAMS 0x00000000d0100000, 0x00000000d0100000| Complete 
|1282|0x00000000d0200000, 0x00000000d0300000, 0x00000000d0300000|100%| E|CS|TAMS 0x00000000d0200000, 0x00000000d0200000| Complete 
|1283|0x00000000d0300000, 0x00000000d0400000, 0x00000000d0400000|100%| E|CS|TAMS 0x00000000d0300000, 0x00000000d0300000| Complete 
|1284|0x00000000d0400000, 0x00000000d0500000, 0x00000000d0500000|100%| E|CS|TAMS 0x00000000d0400000, 0x00000000d0400000| Complete 
|1285|0x00000000d0500000, 0x00000000d0600000, 0x00000000d0600000|100%| E|CS|TAMS 0x00000000d0500000, 0x00000000d0500000| Complete 
|1286|0x00000000d0600000, 0x00000000d0700000, 0x00000000d0700000|100%| E|CS|TAMS 0x00000000d0600000, 0x00000000d0600000| Complete 
|1287|0x00000000d0700000, 0x00000000d0800000, 0x00000000d0800000|100%| E|CS|TAMS 0x00000000d0700000, 0x00000000d0700000| Complete 
|1288|0x00000000d0800000, 0x00000000d0900000, 0x00000000d0900000|100%| E|CS|TAMS 0x00000000d0800000, 0x00000000d0800000| Complete 
|1289|0x00000000d0900000, 0x00000000d0a00000, 0x00000000d0a00000|100%| E|CS|TAMS 0x00000000d0900000, 0x00000000d0900000| Complete 

Card table byte_map: [0x0000028f7a400000,0x0000028f7a800000] _byte_map_base: 0x0000028f7a000000

Marking Bits (Prev, Next): (CMBitMap*) 0x0000028f628a1b80, (CMBitMap*) 0x0000028f628a1bc0
 Prev Bits: [0x0000028f7ac00000, 0x0000028f7cc00000)
 Next Bits: [0x0000028f7cc00000, 0x0000028f7ec00000)

Polling page: 0x0000028f609e0000

Metaspace:

Usage:
  Non-class:    317.28 MB used.
      Class:     43.42 MB used.
       Both:    360.70 MB used.

Virtual space:
  Non-class space:      320.00 MB reserved,     318.75 MB (>99%) committed,  5 nodes.
      Class space:      412.00 MB reserved,      44.81 MB ( 11%) committed,  1 nodes.
             Both:      732.00 MB reserved,     363.56 MB ( 50%) committed. 

Chunk freelists:
   Non-Class:  1.05 MB
       Class:  3.14 MB
        Both:  4.19 MB

MaxMetaspaceSize: 512.00 MB
CompressedClassSpaceSize: 412.00 MB
Initial GC threshold: 21.00 MB
Current GC threshold: 512.00 MB
CDS: on
MetaspaceReclaimPolicy: balanced
 - commit_granule_bytes: 65536.
 - commit_granule_words: 8192.
 - virtual_space_node_default_size: 8388608.
 - enlarge_chunks_in_place: 1.
 - new_chunks_are_fully_committed: 0.
 - uncommit_free_chunks: 1.
 - use_allocation_guard: 0.


Internal statistics:

num_allocs_failed_limit: 12.
num_arena_births: 8022.
num_arena_deaths: 3472.
num_vsnodes_births: 6.
num_vsnodes_deaths: 0.
num_space_committed: 5813.
num_space_uncommitted: 4.
num_chunks_returned_to_freelist: 4188.
num_chunks_taken_from_freelist: 28217.
num_chunk_merges: 1470.
num_chunk_splits: 16634.
num_chunks_enlarged: 9355.
num_inconsistent_stats: 0.

CodeHeap 'non-profiled nmethods': size=119168Kb used=58730Kb max_used=58730Kb free=60437Kb
 bounds [0x0000028f72310000, 0x0000028f75c70000, 0x0000028f79770000]
CodeHeap 'profiled nmethods': size=119104Kb used=117415Kb max_used=118699Kb free=1688Kb
 bounds [0x0000028f6a770000, 0x0000028f71bc0000, 0x0000028f71bc0000]
CodeHeap 'non-nmethods': size=7488Kb used=2270Kb max_used=3984Kb free=5217Kb
 bounds [0x0000028f71bc0000, 0x0000028f71fb0000, 0x0000028f72310000]
 total_blobs=56910 nmethods=55553 adapters=1261
 compilation: enabled
              stopped_count=0, restarted_count=0
 full_count=0

Compilation events (20 events):
Event: 4771.369 Thread 0x0000028f14246840 nmethod 75650 0x0000028f75c5c990 code [0x0000028f75c5cc40, 0x0000028f75c5d928]
Event: 4771.383 Thread 0x0000028f14246840 75652       4       org.jetbrains.kotlin.fir.scopes.impl.FirAbstractOverrideCheckerKt::buildSubstitutorForOverridesCheck (309 bytes)
Event: 4771.469 Thread 0x0000028f14246840 nmethod 75652 0x0000028f75c5e510 code [0x0000028f75c5e7c0, 0x0000028f75c5f6c0]
Event: 4771.484 Thread 0x0000028f14246840 75653       4       org.jetbrains.kotlin.fir.resolve.dfa.cfg.ControlFlowGraphBuilder::enterFile (169 bytes)
Event: 4771.498 Thread 0x0000028f14246840 nmethod 75653 0x0000028f75c60390 code [0x0000028f75c60540, 0x0000028f75c60908]
Event: 4771.498 Thread 0x0000028f14246840 75654       4       org.jetbrains.kotlin.fir.resolve.dfa.cfg.ControlFlowGraphBuilder::exitFile (546 bytes)
Event: 4771.514 Thread 0x0000028f14246840 nmethod 75654 0x0000028f75c60c10 code [0x0000028f75c60dc0, 0x0000028f75c61098]
Event: 4771.522 Thread 0x0000028f14246840 75655       4       org.jetbrains.uast.kotlin.KotlinUParameter::getPsi (8 bytes)
Event: 4771.525 Thread 0x0000028f14246840 nmethod 75655 0x0000028f75c61490 code [0x0000028f75c61620, 0x0000028f75c616f8]
Event: 4771.573 Thread 0x0000028f14246840 75656       4       com.intellij.psi.impl.PsiClassImplUtil::getImplementsListTypes (52 bytes)
Event: 4771.575 Thread 0x0000028f14246840 nmethod 75656 0x0000028f75c61810 code [0x0000028f75c619a0, 0x0000028f75c61a78]
Event: 4771.635 Thread 0x0000028f14246840 75657   !   4       org.jetbrains.kotlin.cli.jvm.index.JvmDependenciesDynamicCompoundIndex::findClasses (201 bytes)
Event: 4771.651 Thread 0x0000028f020da350 75659       3       org.jetbrains.kotlin.fir.resolve.transformers.FirStatusResolver::resolveStatus$default (21 bytes)
Event: 4771.652 Thread 0x0000028f020da350 nmethod 75659 0x0000028f709e8790 code [0x0000028f709e8940, 0x0000028f709e8aa8]
Event: 4771.656 Thread 0x0000028f020da350 75661       1       com.android.build.gradle.tasks.VerifyLibraryResourcesTask$Params_Decorated::getModelIdentityDisplayName (5 bytes)
Event: 4771.658 Thread 0x0000028f020da350 nmethod 75661 0x0000028f75c61b90 code [0x0000028f75c61d20, 0x0000028f75c61dd8]
Event: 4771.717 Thread 0x0000028f020da350 75662       3       org.jetbrains.uast.kotlin.FirKotlinUastLanguagePlugin::isSupportedElement (103 bytes)
Event: 4771.719 Thread 0x0000028f020da350 nmethod 75662 0x0000028f70e74090 code [0x0000028f70e74360, 0x0000028f70e75268]
Event: 4771.738 Thread 0x0000028f020da350 75663       3       org.jetbrains.kotlin.analysis.api.fir.symbols.KaFirNamedClassSymbol::getName (165 bytes)
Event: 4771.743 Thread 0x0000028f020da350 nmethod 75663 0x0000028f6b889310 code [0x0000028f6b8896e0, 0x0000028f6b88b0d8]

GC Heap History (20 events):
Event: 4670.992 GC heap before
{Heap before GC invocations=250 (full 0):
 garbage-first heap   total 1256448K, used 746496K [0x0000000080000000, 0x0000000100000000)
  region size 1024K, 45 young (46080K), 41 survivors (41984K)
 Metaspace       used 367852K, committed 370752K, reserved 749568K
  class space    used 44353K, committed 45760K, reserved 421888K
}
Event: 4671.067 GC heap after
{Heap after GC invocations=251 (full 0):
 garbage-first heap   total 1256448K, used 751962K [0x0000000080000000, 0x0000000100000000)
  region size 1024K, 6 young (6144K), 6 survivors (6144K)
 Metaspace       used 367852K, committed 370752K, reserved 749568K
  class space    used 44353K, committed 45760K, reserved 421888K
}
Event: 4697.236 GC heap before
{Heap before GC invocations=252 (full 0):
 garbage-first heap   total 1256448K, used 1028442K [0x0000000080000000, 0x0000000100000000)
  region size 1024K, 267 young (273408K), 6 survivors (6144K)
 Metaspace       used 368460K, committed 371392K, reserved 749568K
  class space    used 44427K, committed 45888K, reserved 421888K
}
Event: 4697.397 GC heap after
{Heap after GC invocations=253 (full 0):
 garbage-first heap   total 1256448K, used 757750K [0x0000000080000000, 0x0000000100000000)
  region size 1024K, 31 young (31744K), 31 survivors (31744K)
 Metaspace       used 368460K, committed 371392K, reserved 749568K
  class space    used 44427K, committed 45888K, reserved 421888K
}
Event: 4701.941 GC heap before
{Heap before GC invocations=253 (full 0):
 garbage-first heap   total 1256448K, used 788470K [0x0000000080000000, 0x0000000100000000)
  region size 1024K, 61 young (62464K), 31 survivors (31744K)
 Metaspace       used 368541K, committed 371456K, reserved 749568K
  class space    used 44438K, committed 45888K, reserved 421888K
}
Event: 4702.265 GC heap after
{Heap after GC invocations=254 (full 0):
 garbage-first heap   total 1256448K, used 664492K [0x0000000080000000, 0x0000000100000000)
  region size 1024K, 7 young (7168K), 7 survivors (7168K)
 Metaspace       used 368541K, committed 371456K, reserved 749568K
  class space    used 44438K, committed 45888K, reserved 421888K
}
Event: 4703.771 GC heap before
{Heap before GC invocations=254 (full 0):
 garbage-first heap   total 1256448K, used 718764K [0x0000000080000000, 0x0000000100000000)
  region size 1024K, 61 young (62464K), 7 survivors (7168K)
 Metaspace       used 368547K, committed 371456K, reserved 749568K
  class space    used 44438K, committed 45888K, reserved 421888K
}
Event: 4703.986 GC heap after
{Heap after GC invocations=255 (full 0):
 garbage-first heap   total 1256448K, used 641549K [0x0000000080000000, 0x0000000100000000)
  region size 1024K, 7 young (7168K), 7 survivors (7168K)
 Metaspace       used 368547K, committed 371456K, reserved 749568K
  class space    used 44438K, committed 45888K, reserved 421888K
}
Event: 4705.061 GC heap before
{Heap before GC invocations=255 (full 0):
 garbage-first heap   total 1256448K, used 695821K [0x0000000080000000, 0x0000000100000000)
  region size 1024K, 61 young (62464K), 7 survivors (7168K)
 Metaspace       used 368549K, committed 371456K, reserved 749568K
  class space    used 44438K, committed 45888K, reserved 421888K
}
Event: 4705.216 GC heap after
{Heap after GC invocations=256 (full 0):
 garbage-first heap   total 1256448K, used 634521K [0x0000000080000000, 0x0000000100000000)
  region size 1024K, 5 young (5120K), 5 survivors (5120K)
 Metaspace       used 368549K, committed 371456K, reserved 749568K
  class space    used 44438K, committed 45888K, reserved 421888K
}
Event: 4733.601 GC heap before
{Heap before GC invocations=256 (full 0):
 garbage-first heap   total 1256448K, used 877209K [0x0000000080000000, 0x0000000100000000)
  region size 1024K, 244 young (249856K), 5 survivors (5120K)
 Metaspace       used 368773K, committed 371712K, reserved 749568K
  class space    used 44444K, committed 45888K, reserved 421888K
}
Event: 4733.694 GC heap after
{Heap after GC invocations=257 (full 0):
 garbage-first heap   total 1256448K, used 656608K [0x0000000080000000, 0x0000000100000000)
  region size 1024K, 26 young (26624K), 26 survivors (26624K)
 Metaspace       used 368773K, committed 371712K, reserved 749568K
  class space    used 44444K, committed 45888K, reserved 421888K
}
Event: 4752.347 GC heap before
{Heap before GC invocations=258 (full 0):
 garbage-first heap   total 1256448K, used 814304K [0x0000000080000000, 0x0000000100000000)
  region size 1024K, 193 young (197632K), 26 survivors (26624K)
 Metaspace       used 369044K, committed 371968K, reserved 749568K
  class space    used 44447K, committed 45888K, reserved 421888K
}
Event: 4752.457 GC heap after
{Heap after GC invocations=259 (full 0):
 garbage-first heap   total 1256448K, used 633931K [0x0000000080000000, 0x0000000100000000)
  region size 1024K, 12 young (12288K), 12 survivors (12288K)
 Metaspace       used 369044K, committed 371968K, reserved 749568K
  class space    used 44447K, committed 45888K, reserved 421888K
}
Event: 4755.349 GC heap before
{Heap before GC invocations=259 (full 0):
 garbage-first heap   total 1256448K, used 685131K [0x0000000080000000, 0x0000000100000000)
  region size 1024K, 61 young (62464K), 12 survivors (12288K)
 Metaspace       used 369110K, committed 372032K, reserved 749568K
  class space    used 44459K, committed 45888K, reserved 421888K
}
Event: 4755.604 GC heap after
{Heap after GC invocations=260 (full 0):
 garbage-first heap   total 1256448K, used 604718K [0x0000000080000000, 0x0000000100000000)
  region size 1024K, 8 young (8192K), 8 survivors (8192K)
 Metaspace       used 369110K, committed 372032K, reserved 749568K
  class space    used 44459K, committed 45888K, reserved 421888K
}
Event: 4758.552 GC heap before
{Heap before GC invocations=260 (full 0):
 garbage-first heap   total 1256448K, used 657966K [0x0000000080000000, 0x0000000100000000)
  region size 1024K, 61 young (62464K), 8 survivors (8192K)
 Metaspace       used 369168K, committed 372096K, reserved 749568K
  class space    used 44459K, committed 45888K, reserved 421888K
}
Event: 4758.638 GC heap after
{Heap after GC invocations=261 (full 0):
 garbage-first heap   total 1320960K, used 616846K [0x0000000080000000, 0x0000000100000000)
  region size 1024K, 8 young (8192K), 8 survivors (8192K)
 Metaspace       used 369168K, committed 372096K, reserved 749568K
  class space    used 44459K, committed 45888K, reserved 421888K
}
Event: 4765.861 GC heap before
{Heap before GC invocations=261 (full 0):
 garbage-first heap   total 1320960K, used 707982K [0x0000000080000000, 0x0000000100000000)
  region size 1024K, 99 young (101376K), 8 survivors (8192K)
 Metaspace       used 369216K, committed 372160K, reserved 749568K
  class space    used 44459K, committed 45888K, reserved 421888K
}
Event: 4765.914 GC heap after
{Heap after GC invocations=262 (full 0):
 garbage-first heap   total 1320960K, used 629126K [0x0000000080000000, 0x0000000100000000)
  region size 1024K, 20 young (20480K), 20 survivors (20480K)
 Metaspace       used 369216K, committed 372160K, reserved 749568K
  class space    used 44459K, committed 45888K, reserved 421888K
}

Dll operation events (17 events):
Event: 0.019 Loaded shared library C:\Program Files\Java\jdk-19\bin\java.dll
Event: 0.045 Loaded shared library C:\Program Files\Java\jdk-19\bin\jsvml.dll
Event: 0.194 Loaded shared library C:\Program Files\Java\jdk-19\bin\zip.dll
Event: 0.200 Loaded shared library C:\Program Files\Java\jdk-19\bin\instrument.dll
Event: 0.213 Loaded shared library C:\Program Files\Java\jdk-19\bin\net.dll
Event: 0.217 Loaded shared library C:\Program Files\Java\jdk-19\bin\nio.dll
Event: 0.222 Loaded shared library C:\Program Files\Java\jdk-19\bin\zip.dll
Event: 0.951 Loaded shared library C:\Program Files\Java\jdk-19\bin\jimage.dll
Event: 1.517 Loaded shared library C:\Program Files\Java\jdk-19\bin\verify.dll
Event: 1.596 Loaded shared library C:\Users\mkmad\.gradle\native\660c5614fbf4a5f2a75b1949f50a0caf5cd603558e7d8a26e50b933a0cfb79d1\windows-amd64\native-platform.dll
Event: 1.621 Loaded shared library C:\Users\mkmad\.gradle\native\0.2.8\x86_64-windows-gnu\gradle-fileevents.dll
Event: 4.488 Loaded shared library C:\Program Files\Java\jdk-19\bin\management.dll
Event: 4.494 Loaded shared library C:\Program Files\Java\jdk-19\bin\management_ext.dll
Event: 5.191 Loaded shared library C:\Program Files\Java\jdk-19\bin\extnet.dll
Event: 5.726 Loaded shared library C:\Program Files\Java\jdk-19\bin\sunmscapi.dll
Event: 3552.943 Loaded shared library C:\Program Files\Java\jdk-19\bin\rmi.dll
Event: 4343.017 Loaded shared library C:\Program Files\Java\jdk-19\bin\awt.dll

Deoptimization events (20 events):
Event: 4764.208 Thread 0x0000028f0e3e6dd0 DEOPT PACKING pc=0x0000028f75c054b8 sp=0x000000fc033f7b50
Event: 4764.208 Thread 0x0000028f0e3e6dd0 DEOPT UNPACKING pc=0x0000028f71c26da3 sp=0x000000fc033f7b00 mode 2
Event: 4769.461 Thread 0x0000028f0e3e6dd0 Uncommon trap: trap_request=0xffffffc6 fr.pc=0x0000028f7574bdb4 relative=0x0000000000000774
Event: 4769.461 Thread 0x0000028f0e3e6dd0 Uncommon trap: reason=bimorphic_or_optimized_type_check action=maybe_recompile pc=0x0000028f7574bdb4 method=org.jetbrains.kotlin.util.AbstractArrayMapOwner.iterator()Ljava/util/Iterator; @ 4 c2
Event: 4769.461 Thread 0x0000028f0e3e6dd0 DEOPT PACKING pc=0x0000028f7574bdb4 sp=0x000000fc033f9730
Event: 4769.461 Thread 0x0000028f0e3e6dd0 DEOPT UNPACKING pc=0x0000028f71c26da3 sp=0x000000fc033f9620 mode 2
Event: 4769.620 Thread 0x0000028f0e3e6dd0 Uncommon trap: trap_request=0xffffffde fr.pc=0x0000028f7537c668 relative=0x0000000000001c08
Event: 4769.620 Thread 0x0000028f0e3e6dd0 Uncommon trap: reason=class_check action=maybe_recompile pc=0x0000028f7537c668 method=org.jetbrains.kotlin.analysis.api.fir.scopes.FirScopeUtilsKt$getCallableSymbols$1.invokeSuspend(Ljava/lang/Object;)Ljava/lang/Object; @ 379 c2
Event: 4769.620 Thread 0x0000028f0e3e6dd0 DEOPT PACKING pc=0x0000028f7537c668 sp=0x000000fc033fcde0
Event: 4769.620 Thread 0x0000028f0e3e6dd0 DEOPT UNPACKING pc=0x0000028f71c26da3 sp=0x000000fc033fcd78 mode 2
Event: 4769.622 Thread 0x0000028f0e3e6dd0 Uncommon trap: trap_request=0xffffffde fr.pc=0x0000028f7537c668 relative=0x0000000000001c08
Event: 4769.622 Thread 0x0000028f0e3e6dd0 Uncommon trap: reason=class_check action=maybe_recompile pc=0x0000028f7537c668 method=org.jetbrains.kotlin.analysis.api.fir.scopes.FirScopeUtilsKt$getCallableSymbols$1.invokeSuspend(Ljava/lang/Object;)Ljava/lang/Object; @ 379 c2
Event: 4769.622 Thread 0x0000028f0e3e6dd0 DEOPT PACKING pc=0x0000028f7537c668 sp=0x000000fc033fcde0
Event: 4769.622 Thread 0x0000028f0e3e6dd0 DEOPT UNPACKING pc=0x0000028f71c26da3 sp=0x000000fc033fcd78 mode 2
Event: 4770.144 Thread 0x0000028f0e3e6dd0 DEOPT PACKING pc=0x0000028f70155155 sp=0x000000fc033f65d0
Event: 4770.144 Thread 0x0000028f0e3e6dd0 DEOPT UNPACKING pc=0x0000028f71c27543 sp=0x000000fc033f5ac0 mode 0
Event: 4771.743 Thread 0x0000028f0e3e6dd0 Uncommon trap: trap_request=0xffffff66 fr.pc=0x0000028f75bb9328 relative=0x0000000000005388
Event: 4771.743 Thread 0x0000028f0e3e6dd0 Uncommon trap: reason=speculate_class_check action=maybe_recompile pc=0x0000028f75bb9328 method=org.jetbrains.kotlin.analysis.low.level.api.fir.projectStructure.LLFirModuleDataKt.getLlFirModuleData(Lorg/jetbrains/kotlin/fir/FirElementWithResolveState;)Lor
Event: 4771.743 Thread 0x0000028f0e3e6dd0 DEOPT PACKING pc=0x0000028f75bb9328 sp=0x000000fc033fcab0
Event: 4771.743 Thread 0x0000028f0e3e6dd0 DEOPT UNPACKING pc=0x0000028f71c26da3 sp=0x000000fc033fc690 mode 2

Classes loaded (20 events):
Event: 4643.435 Loading class java/io/Copy
Event: 4643.435 Loading class java/io/Copy done
Event: 4643.435 Loading class java/net/Copy
Event: 4643.435 Loading class java/net/Copy done
Event: 4643.476 Loading class java/lang/com$android$Version
Event: 4643.476 Loading class java/lang/com$android$Version done
Event: 4643.477 Loading class java/util/com$android$Version
Event: 4643.477 Loading class java/util/com$android$Version done
Event: 4643.485 Loading class java/io/com$android$Version
Event: 4643.486 Loading class java/io/com$android$Version done
Event: 4643.486 Loading class java/net/com$android$Version
Event: 4643.486 Loading class java/net/com$android$Version done
Event: 4643.501 Loading class java/lang/com$android$Version$ANDROID_GRADLE_PLUGIN_VERSION
Event: 4643.501 Loading class java/lang/com$android$Version$ANDROID_GRADLE_PLUGIN_VERSION done
Event: 4643.501 Loading class java/util/com$android$Version$ANDROID_GRADLE_PLUGIN_VERSION
Event: 4643.501 Loading class java/util/com$android$Version$ANDROID_GRADLE_PLUGIN_VERSION done
Event: 4643.501 Loading class java/io/com$android$Version$ANDROID_GRADLE_PLUGIN_VERSION
Event: 4643.501 Loading class java/io/com$android$Version$ANDROID_GRADLE_PLUGIN_VERSION done
Event: 4643.501 Loading class java/net/com$android$Version$ANDROID_GRADLE_PLUGIN_VERSION
Event: 4643.501 Loading class java/net/com$android$Version$ANDROID_GRADLE_PLUGIN_VERSION done

Classes unloaded (20 events):
Event: 4606.834 Thread 0x0000028f020c3010 Unloading class 0x00000008030f11f0 'androidx/startup/lint/EnsureInitializerMetadataDetector'
Event: 4606.834 Thread 0x0000028f020c3010 Unloading class 0x00000008030f1000 'androidx/startup/lint/InitializerConstructorDetector$Companion'
Event: 4606.834 Thread 0x0000028f020c3010 Unloading class 0x00000008030f0250 'androidx/startup/lint/InitializerConstructorDetector'
Event: 4606.834 Thread 0x0000028f020c3010 Unloading class 0x00000008030f0000 'androidx/startup/lint/StartupRuntimeIssueRegistry'
Event: 4606.834 Thread 0x0000028f020c3010 Unloading class 0x00000008030b3df0 'androidx/fragment/lint/AttachAndDetachInSameTransactionDetector$Issues'
Event: 4606.834 Thread 0x0000028f020c3010 Unloading class 0x00000008030b6510 'androidx/fragment/lint/AttachAndDetachInSameTransactionDetector'
Event: 4606.834 Thread 0x0000028f020c3010 Unloading class 0x00000008030b3c00 'androidx/fragment/lint/UnsafeRepeatOnLifecycleDetector$Companion'
Event: 4606.834 Thread 0x0000028f020c3010 Unloading class 0x00000008030b6000 'androidx/fragment/lint/UnsafeRepeatOnLifecycleDetector'
Event: 4606.834 Thread 0x0000028f020c3010 Unloading class 0x00000008030b3a10 'androidx/fragment/lint/OnCreateDialogIncorrectCallbackDetector$Issues'
Event: 4606.834 Thread 0x0000028f020c3010 Unloading class 0x00000008030b3508 'androidx/fragment/lint/OnCreateDialogIncorrectCallbackDetector'
Event: 4606.834 Thread 0x0000028f020c3010 Unloading class 0x00000008030b1df8 'androidx/fragment/lint/UseGetLayoutInflater$Issues'
Event: 4606.834 Thread 0x0000028f020c3010 Unloading class 0x00000008030b3000 'androidx/fragment/lint/UseGetLayoutInflater'
Event: 4606.834 Thread 0x0000028f020c3010 Unloading class 0x00000008030b1c08 'androidx/fragment/lint/UseRequireInsteadOfGetKt'
Event: 4606.834 Thread 0x0000028f020c3010 Unloading class 0x00000008030b1a18 'androidx/fragment/lint/UseRequireInsteadOfGet$Companion'
Event: 4606.834 Thread 0x0000028f020c3010 Unloading class 0x00000008030b1510 'androidx/fragment/lint/UseRequireInsteadOfGet'
Event: 4606.834 Thread 0x0000028f020c3010 Unloading class 0x00000008030b05f0 'androidx/fragment/lint/UnsafeFragmentLifecycleObserverDetector$Issues'
Event: 4606.834 Thread 0x0000028f020c3010 Unloading class 0x00000008030b1000 'androidx/fragment/lint/UnsafeFragmentLifecycleObserverDetector'
Event: 4606.834 Thread 0x0000028f020c3010 Unloading class 0x00000008030b0400 'androidx/fragment/lint/FragmentTagDetector$Companion'
Event: 4606.834 Thread 0x0000028f020c3010 Unloading class 0x00000008030b0a50 'androidx/fragment/lint/FragmentTagDetector'
Event: 4606.834 Thread 0x0000028f020c3010 Unloading class 0x00000008030b0800 'androidx/fragment/lint/FragmentIssueRegistry'

Classes redefined (0 events):
No events

Internal exceptions (20 events):
Event: 4764.610 Thread 0x0000028f0e760540 Exception <a 'sun/nio/fs/WindowsException'{0x00000000cc4d2740}> (0x00000000cc4d2740) 
thrown [s\open\src\hotspot\share\prims\jni.cpp, line 517]
Event: 4764.619 Thread 0x0000028f0e760540 Exception <a 'sun/nio/fs/WindowsException'{0x00000000cc4d4c38}> (0x00000000cc4d4c38) 
thrown [s\open\src\hotspot\share\prims\jni.cpp, line 517]
Event: 4764.625 Thread 0x0000028f0e760540 Exception <a 'sun/nio/fs/WindowsException'{0x00000000cc4d6fd8}> (0x00000000cc4d6fd8) 
thrown [s\open\src\hotspot\share\prims\jni.cpp, line 517]
Event: 4764.757 Thread 0x0000028f0e760540 Exception <a 'sun/nio/fs/WindowsException'{0x00000000cc4d92d8}> (0x00000000cc4d92d8) 
thrown [s\open\src\hotspot\share\prims\jni.cpp, line 517]
Event: 4764.794 Thread 0x0000028f0e760540 Exception <a 'sun/nio/fs/WindowsException'{0x00000000cc4db698}> (0x00000000cc4db698) 
thrown [s\open\src\hotspot\share\prims\jni.cpp, line 517]
Event: 4764.809 Thread 0x0000028f0e760540 Exception <a 'sun/nio/fs/WindowsException'{0x00000000cc4ddbe8}> (0x00000000cc4ddbe8) 
thrown [s\open\src\hotspot\share\prims\jni.cpp, line 517]
Event: 4764.814 Thread 0x0000028f0e760540 Exception <a 'sun/nio/fs/WindowsException'{0x00000000cc4dfed8}> (0x00000000cc4dfed8) 
thrown [s\open\src\hotspot\share\prims\jni.cpp, line 517]
Event: 4764.821 Thread 0x0000028f0e760540 Exception <a 'sun/nio/fs/WindowsException'{0x00000000cc4e2168}> (0x00000000cc4e2168) 
thrown [s\open\src\hotspot\share\prims\jni.cpp, line 517]
Event: 4764.844 Thread 0x0000028f0e760540 Exception <a 'sun/nio/fs/WindowsException'{0x00000000cc4e4500}> (0x00000000cc4e4500) 
thrown [s\open\src\hotspot\share\prims\jni.cpp, line 517]
Event: 4764.857 Thread 0x0000028f0e760540 Exception <a 'sun/nio/fs/WindowsException'{0x00000000cc4e6a38}> (0x00000000cc4e6a38) 
thrown [s\open\src\hotspot\share\prims\jni.cpp, line 517]
Event: 4764.868 Thread 0x0000028f0e760540 Exception <a 'sun/nio/fs/WindowsException'{0x00000000cc4e8f30}> (0x00000000cc4e8f30) 
thrown [s\open\src\hotspot\share\prims\jni.cpp, line 517]
Event: 4764.881 Thread 0x0000028f0e760540 Exception <a 'sun/nio/fs/WindowsException'{0x00000000cc4eb480}> (0x00000000cc4eb480) 
thrown [s\open\src\hotspot\share\prims\jni.cpp, line 517]
Event: 4764.888 Thread 0x0000028f0e760540 Exception <a 'sun/nio/fs/WindowsException'{0x00000000cc4eda58}> (0x00000000cc4eda58) 
thrown [s\open\src\hotspot\share\prims\jni.cpp, line 517]
Event: 4764.896 Thread 0x0000028f0e760540 Exception <a 'sun/nio/fs/WindowsException'{0x00000000cc4effa0}> (0x00000000cc4effa0) 
thrown [s\open\src\hotspot\share\prims\jni.cpp, line 517]
Event: 4764.907 Thread 0x0000028f0e760540 Exception <a 'sun/nio/fs/WindowsException'{0x00000000cc4f23a0}> (0x00000000cc4f23a0) 
thrown [s\open\src\hotspot\share\prims\jni.cpp, line 517]
Event: 4764.911 Thread 0x0000028f0e760540 Exception <a 'sun/nio/fs/WindowsException'{0x00000000cc4f4810}> (0x00000000cc4f4810) 
thrown [s\open\src\hotspot\share\prims\jni.cpp, line 517]
Event: 4771.586 Thread 0x0000028f0e760540 Exception <a 'sun/nio/fs/WindowsException'{0x00000000cd3987d0}> (0x00000000cd3987d0) 
thrown [s\open\src\hotspot\share\prims\jni.cpp, line 517]
Event: 4771.604 Thread 0x0000028f0e760540 Exception <a 'sun/nio/fs/WindowsException'{0x00000000cd39b3e0}> (0x00000000cd39b3e0) 
thrown [s\open\src\hotspot\share\prims\jni.cpp, line 517]
Event: 4771.671 Thread 0x0000028f0e762520 Exception <a 'sun/nio/fs/WindowsException'{0x00000000ccb6f6b0}> (0x00000000ccb6f6b0) 
thrown [s\open\src\hotspot\share\prims\jni.cpp, line 517]
Event: 4771.677 Thread 0x0000028f0e762520 Exception <a 'sun/nio/fs/WindowsException'{0x00000000ccb8f998}> (0x00000000ccb8f998) 
thrown [s\open\src\hotspot\share\prims\jni.cpp, line 517]

VM Operations (20 events):
Event: 4763.954 Executing VM operation: Cleanup
Event: 4763.961 Executing VM operation: Cleanup done
Event: 4764.975 Executing VM operation: Cleanup
Event: 4764.977 Executing VM operation: Cleanup done
Event: 4765.861 Executing VM operation: G1TryInitiateConcMark
Event: 4765.934 Executing VM operation: G1TryInitiateConcMark done
Event: 4766.861 Executing VM operation: G1PauseRemark
Event: 4767.005 Executing VM operation: G1PauseRemark done
Event: 4768.006 Executing VM operation: Cleanup
Event: 4768.023 Executing VM operation: Cleanup done
Event: 4768.118 Executing VM operation: G1PauseCleanup
Event: 4768.135 Executing VM operation: G1PauseCleanup done
Event: 4769.138 Executing VM operation: Cleanup
Event: 4769.140 Executing VM operation: Cleanup done
Event: 4770.151 Executing VM operation: Cleanup
Event: 4770.152 Executing VM operation: Cleanup done
Event: 4771.071 Executing VM operation: HandshakeAllThreads
Event: 4771.077 Executing VM operation: HandshakeAllThreads done
Event: 4772.083 Executing VM operation: Cleanup
Event: 4772.685 Executing VM operation: Cleanup done

Events (20 events):
Event: 4758.821 Thread 0x0000028f16c47290 Thread exited: 0x0000028f16c47290
Event: 4758.839 Thread 0x0000028f16c493f0 Thread exited: 0x0000028f16c493f0
Event: 4759.524 Thread 0x0000028f142446e0 Thread added: 0x0000028f142446e0
Event: 4759.524 Thread 0x0000028f14247e80 Thread added: 0x0000028f14247e80
Event: 4759.524 Thread 0x0000028f14248410 Thread added: 0x0000028f14248410
Event: 4760.087 Thread 0x0000028f14248410 Thread exited: 0x0000028f14248410
Event: 4760.824 Thread 0x0000028f14247e80 Thread exited: 0x0000028f14247e80
Event: 4761.334 Thread 0x0000028f142446e0 Thread exited: 0x0000028f142446e0
Event: 4762.648 Thread 0x0000028f14245d20 Thread added: 0x0000028f14245d20
Event: 4763.948 Thread 0x0000028f14245d20 Thread exited: 0x0000028f14245d20
Event: 4770.207 Thread 0x0000028f14246840 Thread added: 0x0000028f14246840
Event: 4771.250 Thread 0x0000028f020fdc50 flushing nmethod 0x0000028f6f9c2f90
Event: 4771.259 Thread 0x0000028f020fdc50 flushing nmethod 0x0000028f6ff80910
Event: 4771.270 Thread 0x0000028f020fdc50 flushing nmethod 0x0000028f707e8410
Event: 4771.272 Thread 0x0000028f020fdc50 flushing nmethod 0x0000028f707f0e90
Event: 4771.274 Thread 0x0000028f020fdc50 flushing nmethod 0x0000028f709a3a10
Event: 4771.279 Thread 0x0000028f020fdc50 flushing nmethod 0x0000028f70e73c90
Event: 4771.285 Thread 0x0000028f020fdc50 flushing nmethod 0x0000028f71274b90
Event: 4771.292 Thread 0x0000028f020fdc50 flushing nmethod 0x0000028f714f5d90
Event: 4771.302 Thread 0x0000028f020fdc50 flushing nmethod 0x0000028f71ba8210


Dynamic libraries:
0x00007ff696d90000 - 0x00007ff696da0000 	C:\Program Files\Java\jdk-19\bin\java.exe
0x00007ffcb8fe0000 - 0x00007ffcb9246000 	C:\Windows\SYSTEM32\ntdll.dll
0x00007ffcb7710000 - 0x00007ffcb77d9000 	C:\Windows\System32\KERNEL32.DLL
0x00007ffcb63b0000 - 0x00007ffcb67ae000 	C:\Windows\System32\KERNELBASE.dll
0x00007ffcb69f0000 - 0x00007ffcb6b3c000 	C:\Windows\System32\ucrtbase.dll
0x00007ffc894d0000 - 0x00007ffc894e8000 	C:\Program Files\Java\jdk-19\bin\jli.dll
0x00007ffcb7650000 - 0x00007ffcb7707000 	C:\Windows\System32\ADVAPI32.dll
0x00007ffcb7410000 - 0x00007ffcb74b9000 	C:\Windows\System32\msvcrt.dll
0x00007ffcb7240000 - 0x00007ffcb72ea000 	C:\Windows\System32\sechost.dll
0x00007ffcb72f0000 - 0x00007ffcb7408000 	C:\Windows\System32\RPCRT4.dll
0x00007ffcb6f70000 - 0x00007ffcb7137000 	C:\Windows\System32\USER32.dll
0x00007ffcb62c0000 - 0x00007ffcb62e7000 	C:\Windows\System32\win32u.dll
0x00007ffcb6f00000 - 0x00007ffcb6f2b000 	C:\Windows\System32\GDI32.dll
0x00007ffcb6be0000 - 0x00007ffcb6d0a000 	C:\Windows\System32\gdi32full.dll
0x00007ffcb6940000 - 0x00007ffcb69e3000 	C:\Windows\System32\msvcp_win.dll
0x00007ffc894b0000 - 0x00007ffc894cb000 	C:\Program Files\Java\jdk-19\bin\VCRUNTIME140.dll
0x00007ffc9a560000 - 0x00007ffc9a7f2000 	C:\Windows\WinSxS\amd64_microsoft.windows.common-controls_6595b64144ccf1df_6.0.26100.8875_none_3e0d5d42e32fe9dd\COMCTL32.dll
0x00007ffca2cf0000 - 0x00007ffca2cfb000 	C:\Windows\SYSTEM32\VERSION.dll
0x00007ffcb6f30000 - 0x00007ffcb6f62000 	C:\Windows\System32\IMM32.DLL
0x00007ffc54370000 - 0x00007ffc5450e000 	C:\Program Files (x86)\Citrix\ICA Client\ctxapclient64.dll
0x00007ffcb7a10000 - 0x00007ffcb7d93000 	C:\Windows\System32\combase.dll
0x00007ffcb60f0000 - 0x00007ffcb611a000 	C:\Windows\SYSTEM32\bcrypt.dll
0x00007ffcb5010000 - 0x00007ffcb5046000 	C:\Windows\SYSTEM32\ntmarta.dll
0x00007ffcb6200000 - 0x00007ffcb62ac000 	C:\Windows\System32\bcryptprimitives.dll
0x00007ffca1870000 - 0x00007ffca187c000 	C:\Program Files\Java\jdk-19\bin\vcruntime140_1.dll
0x00007ffc5daf0000 - 0x00007ffc5db7e000 	C:\Program Files\Java\jdk-19\bin\msvcp140.dll
0x00007ffbfdfb0000 - 0x00007ffbfec70000 	C:\Program Files\Java\jdk-19\bin\server\jvm.dll
0x00007ffc93260000 - 0x00007ffc9326a000 	C:\Windows\SYSTEM32\WSOCK32.dll
0x00007ffcb89c0000 - 0x00007ffcb8a40000 	C:\Windows\System32\WS2_32.dll
0x00007ffcab960000 - 0x00007ffcab996000 	C:\Windows\SYSTEM32\WINMM.dll
0x00007ffcb4ee0000 - 0x00007ffcb4efb000 	C:\Windows\SYSTEM32\kernel.appcore.dll
0x00007ffc8d130000 - 0x00007ffc8d13a000 	C:\Program Files\Java\jdk-19\bin\jimage.dll
0x00007ffcb3720000 - 0x00007ffcb3962000 	C:\Windows\SYSTEM32\DBGHELP.DLL
0x00007ffcb6e20000 - 0x00007ffcb6ef9000 	C:\Windows\System32\OLEAUT32.dll
0x00007ffc9b830000 - 0x00007ffc9b86b000 	C:\Windows\SYSTEM32\dbgcore.DLL
0x00007ffc86fa0000 - 0x00007ffc86fae000 	C:\Program Files\Java\jdk-19\bin\instrument.dll
0x00007ffc7a730000 - 0x00007ffc7a756000 	C:\Program Files\Java\jdk-19\bin\java.dll
0x00007ffc564c0000 - 0x00007ffc56597000 	C:\Program Files\Java\jdk-19\bin\jsvml.dll
0x00007ffcb7da0000 - 0x00007ffcb8532000 	C:\Windows\System32\SHELL32.dll
0x00007ffcb3af0000 - 0x00007ffcb4382000 	C:\Windows\SYSTEM32\windows.storage.dll
0x0000028f06400000 - 0x0000028f064f7000 	C:\Windows\System32\SHCORE.dll
0x00007ffcb86e0000 - 0x00007ffcb8747000 	C:\Windows\System32\shlwapi.dll
0x00007ffcb6120000 - 0x00007ffcb6149000 	C:\Windows\SYSTEM32\profapi.dll
0x00007ffc77950000 - 0x00007ffc77968000 	C:\Program Files\Java\jdk-19\bin\zip.dll
0x00007ffc81b40000 - 0x00007ffc81b53000 	C:\Program Files\Java\jdk-19\bin\net.dll
0x00007ffcab6c0000 - 0x00007ffcab7e7000 	C:\Windows\SYSTEM32\WINHTTP.dll
0x00007ffcb5490000 - 0x00007ffcb54fc000 	C:\Windows\system32\mswsock.dll
0x00007ffc7dbd0000 - 0x00007ffc7dbe6000 	C:\Program Files\Java\jdk-19\bin\nio.dll
0x00007ffca4310000 - 0x00007ffca4320000 	C:\Program Files\Java\jdk-19\bin\verify.dll
0x00007ffc70b40000 - 0x00007ffc70b67000 	C:\Users\mkmad\.gradle\native\660c5614fbf4a5f2a75b1949f50a0caf5cd603558e7d8a26e50b933a0cfb79d1\windows-amd64\native-platform.dll
0x00007ffc584f0000 - 0x00007ffc58567000 	C:\Users\mkmad\.gradle\native\0.2.8\x86_64-windows-gnu\gradle-fileevents.dll
0x00007ffc894a0000 - 0x00007ffc894aa000 	C:\Program Files\Java\jdk-19\bin\management.dll
0x00007ffc88660000 - 0x00007ffc8866b000 	C:\Program Files\Java\jdk-19\bin\management_ext.dll
0x00007ffcb8830000 - 0x00007ffcb8838000 	C:\Windows\System32\PSAPI.DLL
0x00007ffcb48c0000 - 0x00007ffcb48f3000 	C:\Windows\SYSTEM32\IPHLPAPI.DLL
0x00007ffcb8840000 - 0x00007ffcb884a000 	C:\Windows\System32\NSI.dll
0x00007ffcacaf0000 - 0x00007ffcacb0d000 	C:\Windows\SYSTEM32\dhcpcsvc6.DLL
0x00007ffcacac0000 - 0x00007ffcacae5000 	C:\Windows\SYSTEM32\dhcpcsvc.DLL
0x00007ffcb4960000 - 0x00007ffcb4ab6000 	C:\Windows\SYSTEM32\DNSAPI.dll
0x00007ffcb5290000 - 0x00007ffcb529d000 	C:\Windows\SYSTEM32\DSPARSE.dll
0x00007ffc84f20000 - 0x00007ffc84f28000 	C:\Program Files\Java\jdk-19\bin\extnet.dll
0x00007ffcb5790000 - 0x00007ffcb57ab000 	C:\Windows\SYSTEM32\CRYPTSP.dll
0x00007ffcb4e40000 - 0x00007ffcb4e79000 	C:\Windows\system32\rsaenh.dll
0x00007ffcb5550000 - 0x00007ffcb5582000 	C:\Windows\SYSTEM32\USERENV.dll
0x00007ffcb57b0000 - 0x00007ffcb57bc000 	C:\Windows\SYSTEM32\CRYPTBASE.dll
0x00007ffca4300000 - 0x00007ffca430e000 	C:\Program Files\Java\jdk-19\bin\sunmscapi.dll
0x0000028f09150000 - 0x0000028f092c8000 	C:\Windows\System32\CRYPT32.dll
0x00007ffcb59d0000 - 0x00007ffcb5a00000 	C:\Windows\SYSTEM32\ncrypt.dll
0x00007ffcb5980000 - 0x00007ffcb59bf000 	C:\Windows\SYSTEM32\NTASN1.dll
0x00007ffc84620000 - 0x00007ffc84628000 	C:\Windows\system32\wshunix.dll
0x00007ffca5d90000 - 0x00007ffca5d97000 	C:\Program Files\Java\jdk-19\bin\rmi.dll
0x00007ffc4ec60000 - 0x00007ffc4edf1000 	C:\Program Files\Java\jdk-19\bin\awt.dll
0x00007ffcb0350000 - 0x00007ffcb03f0000 	C:\Windows\SYSTEM32\apphelp.dll
0x00007ffcb06d0000 - 0x00007ffcb0779000 	C:\Windows\system32\uxtheme.dll
0x00007ffcb8850000 - 0x00007ffcb89ad000 	C:\Windows\System32\MSCTF.dll
0x00007ffcb8540000 - 0x00007ffcb86d9000 	C:\Windows\System32\ole32.dll
0x00007ffcab810000 - 0x00007ffcab81b000 	C:\Windows\System32\rasadhlp.dll
0x00007ffcad0f0000 - 0x00007ffcad176000 	C:\Windows\System32\fwpuclnt.dll

dbghelp: loaded successfully - version: 4.0.5 - missing functions: none
symbol engine: initialized successfully - sym options: 0x614 - pdb path: .;C:\Program Files\Java\jdk-19\bin;C:\Windows\SYSTEM32;C:\Windows\WinSxS\amd64_microsoft.windows.common-controls_6595b64144ccf1df_6.0.26100.8875_none_3e0d5d42e32fe9dd;C:\Program Files (x86)\Citrix\ICA Client;C:\Program Files\Java\jdk-19\bin\server;C:\Users\mkmad\.gradle\native\660c5614fbf4a5f2a75b1949f50a0caf5cd603558e7d8a26e50b933a0cfb79d1\windows-amd64;C:\Users\mkmad\.gradle\native\0.2.8\x86_64-windows-gnu

VM Arguments:
jvm_args: --add-opens=java.base/java.lang=ALL-UNNAMED --add-opens=java.base/java.lang.invoke=ALL-UNNAMED --add-opens=java.base/java.util=ALL-UNNAMED --add-opens=java.prefs/java.util.prefs=ALL-UNNAMED --add-exports=jdk.compiler/com.sun.tools.javac.api=ALL-UNNAMED --add-exports=jdk.compiler/com.sun.tools.javac.util=ALL-UNNAMED --add-opens=java.base/java.util=ALL-UNNAMED --add-opens=java.prefs/java.util.prefs=ALL-UNNAMED --add-opens=java.base/java.nio.charset=ALL-UNNAMED --add-opens=java.base/java.net=ALL-UNNAMED --add-opens=java.base/java.util.concurrent=ALL-UNNAMED --add-opens=java.base/java.util.concurrent.atomic=ALL-UNNAMED --add-opens=java.xml/javax.xml.namespace=ALL-UNNAMED --add-opens=java.base/java.time=ALL-UNNAMED -XX:MaxMetaspaceSize=512m -Xmx2048m -Dfile.encoding=UTF-8 -Duser.country=IN -Duser.language=en -Duser.variant -javaagent:C:\Users\mkmad\.gradle\wrapper\dists\gradle-9.3.1-bin\23ovyewtku6u96viwx3xl3oks\gradle-9.3.1\lib\agents\gradle-instrumentation-agent-9.3.1.jar 
java_command: org.gradle.launcher.daemon.bootstrap.GradleDaemon 9.3.1
java_class_path (initial): C:\Users\mkmad\.gradle\wrapper\dists\gradle-9.3.1-bin\23ovyewtku6u96viwx3xl3oks\gradle-9.3.1\lib\gradle-daemon-main-9.3.1.jar
Launcher Type: SUN_STANDARD

[Global flags]
     intx CICompilerCount                          = 12                                        {product} {ergonomic}
   size_t CompressedClassSpaceSize                 = 432013312                                 {product} {ergonomic}
     uint ConcGCThreads                            = 3                                         {product} {ergonomic}
     uint G1ConcRefinementThreads                  = 13                                        {product} {ergonomic}
   size_t G1HeapRegionSize                         = 1048576                                   {product} {ergonomic}
    uintx GCDrainStackTargetSize                   = 64                                        {product} {ergonomic}
   size_t InitialHeapSize                          = 264241152                                 {product} {ergonomic}
   size_t MarkStackSize                            = 4194304                                   {product} {ergonomic}
   size_t MaxHeapSize                              = 2147483648                                {product} {command line}
   size_t MaxMetaspaceSize                         = 536870912                                 {product} {command line}
   size_t MaxNewSize                               = 1287651328                                {product} {ergonomic}
   size_t MinHeapDeltaBytes                        = 1048576                                   {product} {ergonomic}
   size_t MinHeapSize                              = 8388608                                   {product} {ergonomic}
    uintx NonNMethodCodeHeapSize                   = 7602480                                {pd product} {ergonomic}
    uintx NonProfiledCodeHeapSize                  = 122027880                              {pd product} {ergonomic}
    uintx ProfiledCodeHeapSize                     = 122027880                              {pd product} {ergonomic}
    uintx ReservedCodeCacheSize                    = 251658240                              {pd product} {ergonomic}
     bool SegmentedCodeCache                       = true                                      {product} {ergonomic}
   size_t SoftMaxHeapSize                          = 2147483648                             {manageable} {ergonomic}
     bool UseCompressedClassPointers               = true                           {product lp64_product} {ergonomic}
     bool UseCompressedOops                        = true                           {product lp64_product} {ergonomic}
     bool UseG1GC                                  = true                                      {product} {ergonomic}
     bool UseLargePagesIndividualAllocation        = false                                  {pd product} {ergonomic}

Logging:
Log output configuration:
 #0: stdout all=warning uptime,level,tags foldmultilines=false
 #1: stderr all=off uptime,level,tags foldmultilines=false

Environment Variables:
PATH=C:\Program Files\Common Files\Oracle\Java\javapath;C:\Windows\system32;C:\Windows;C:\Windows\System32\Wbem;C:\Windows\System32\WindowsPowerShell\v1.0\;C:\Windows\System32\OpenSSH\;C:\Program Files\Git\cmd;C:\Program Files\Apache\Maven\bin;C:\Program Files\nodejs\;C:\Users\mkmad\AppData\Local\Microsoft\WindowsApps;C:\Users\mkmad\AppData\Local\Programs\Microsoft VS Code\bin;C:\Program Files\JetBrains\IntelliJ IDEA Community Edition 2025.1.4.1\bin;;C:\Users\mkmad\AppData\Local\Android\Sdk\tools;C:\Users\mkmad\AppData\Local\Android\Sdk\platform-tools;C:\Users\mkmad\AppData\Local\Android\Sdk\cmdline-tools\tools\bin;C:\Users\mkmad\AppData\Local\Programs\Antigravity IDE\bin;C:\Users\mkmad\AppData\Roaming\npm;C:\Users\mkmad\AppData\Local\GitHubDesktop\bin
USERNAME=mkmad
OS=Windows_NT
PROCESSOR_IDENTIFIER=Intel64 Family 6 Model 186 Stepping 2, GenuineIntel
TMP=C:\Users\mkmad\AppData\Local\Temp
TEMP=C:\Users\mkmad\AppData\Local\Temp



---------------  S Y S T E M  ---------------

OS:
 Windows 11 , 64 bit Build 26100 (10.0.26100.8875)
OS uptime: 15 days 11:50 hours
Hyper-V role detected

CPU: total 16 (initial active 16) (8 cores per cpu, 2 threads per core) family 6 model 186 stepping 2 microcode 0x4122, cx8, cmov, fxsr, ht, mmx, 3dnowpref, sse, sse2, sse3, ssse3, sse4.1, sse4.2, popcnt, lzcnt, tsc, tscinvbit, avx, avx2, aes, erms, clmul, bmi1, bmi2, adx, sha, fma, vzeroupper, clflush, clflushopt, clwb, hv, serialize, rdtscp, rdpid, fsrm

Memory: 4k page, system-wide physical 16008M (1139M free)
TotalPageFile size 65160M (AvailPageFile size 210M)
current process WorkingSet (physical memory assigned to process): 1321M, peak: 2037M
current process commit charge ("private bytes"): 2282M, peak: 2286M

vm_info: Java HotSpot(TM) 64-Bit Server VM (19.0.2+7-44) for windows-amd64 JRE (19.0.2+7-44), built on 2022-11-30T18:02:09Z by "mach5one" with MS VC++ 17.1 (VS2022)

END.
